日付,緯度,経度,日平均気温(℃)
2020-01-01,32.83433481269516,130.02409751074833,4.72
2020-01-02,32.83433481269516,130.02409751074833,7.83
2020-01-03,32.83433481269516,130.02409751074833,8.25
2020-01-04,32.83433481269516,130.02409751074833,7.73
2020-01-05,32.83433481269516,130.02409751074833,7.92
2020-01-06,32.83433481269516,130.02409751074833,9.78
2020-01-07,32.83433481269516,130.02409751074833,16.24
2020-01-08,32.83433481269516,130.02409751074833,12.12
2020-01-09,32.83433481269516,130.02409751074833,10.02
2020-01-10,32.83433481269516,130.02409751074833,8.97
2020-01-11,32.83433481269516,130.02409751074833,9.73
2020-01-12,32.83433481269516,130.02409751074833,8.65
2020-01-13,32.83433481269516,130.02409751074833,7.6
2020-01-14,32.83433481269516,130.02409751074833,6.35
2020-01-15,32.83433481269516,130.02409751074833,5.55
2020-01-16,32.83433481269516,130.02409751074833,6.67
2020-01-17,32.83433481269516,130.02409751074833,8.43
2020-01-18,32.83433481269516,130.02409751074833,7.98
2020-01-19,32.83433481269516,130.02409751074833,7.7
2020-01-20,32.83433481269516,130.02409751074833,9.0
2020-01-21,32.83433481269516,130.02409751074833,7.62
2020-01-22,32.83433481269516,130.02409751074833,9.01
2020-01-23,32.83433481269516,130.02409751074833,14.65
2020-01-24,32.83433481269516,130.02409751074833,13.74
2020-01-25,32.83433481269516,130.02409751074833,11.31
2020-01-26,32.83433481269516,130.02409751074833,10.48
2020-01-27,32.83433481269516,130.02409751074833,10.43
2020-01-28,32.83433481269516,130.02409751074833,10.73
2020-01-29,32.83433481269516,130.02409751074833,9.54
2020-01-30,32.83433481269516,130.02409751074833,8.11
2020-01-31,32.83433481269516,130.02409751074833,7.0
2020-02-01,32.83433481269516,130.02409751074833,7.76
2020-02-02,32.83433481269516,130.02409751074833,8.4
2020-02-03,32.83433481269516,130.02409751074833,8.1
2020-02-04,32.83433481269516,130.02409751074833,7.04
2020-02-05,32.83433481269516,130.02409751074833,6.19
2020-02-06,32.83433481269516,130.02409751074833,5.27
2020-02-07,32.83433481269516,130.02409751074833,6.61
2020-02-08,32.83433481269516,130.02409751074833,7.1
2020-02-09,32.83433481269516,130.02409751074833,6.56
2020-02-10,32.83433481269516,130.02409751074833,8.83
2020-02-11,32.83433481269516,130.02409751074833,9.2
2020-02-12,32.83433481269516,130.02409751074833,13.0
2020-02-13,32.83433481269516,130.02409751074833,13.55
2020-02-14,32.83433481269516,130.02409751074833,13.02
2020-02-15,32.83433481269516,130.02409751074833,14.19
2020-02-16,32.83433481269516,130.02409751074833,11.01
2020-02-17,32.83433481269516,130.02409751074833,4.02
2020-02-18,32.83433481269516,130.02409751074833,4.23
2020-02-19,32.83433481269516,130.02409751074833,6.55
2020-02-20,32.83433481269516,130.02409751074833,9.36
2020-02-21,32.83433481269516,130.02409751074833,11.21
2020-02-22,32.83433481269516,130.02409751074833,13.21
2020-02-23,32.83433481269516,130.02409751074833,8.88
2020-02-24,32.83433481269516,130.02409751074833,9.46
2020-02-25,32.83433481269516,130.02409751074833,14.39
2020-02-26,32.83433481269516,130.02409751074833,13.71
2020-02-27,32.83433481269516,130.02409751074833,9.44
2020-02-28,32.83433481269516,130.02409751074833,7.87
2020-02-29,32.83433481269516,130.02409751074833,10.54
2020-03-01,32.83433481269516,130.02409751074833,10.39
2020-03-02,32.83433481269516,130.02409751074833,11.1
2020-03-03,32.83433481269516,130.02409751074833,10.72
2020-03-04,32.83433481269516,130.02409751074833,10.97
2020-03-05,32.83433481269516,130.02409751074833,6.97
2020-03-06,32.83433481269516,130.02409751074833,7.08
2020-03-07,32.83433481269516,130.02409751074833,9.65
2020-03-08,32.83433481269516,130.02409751074833,12.65
2020-03-09,32.83433481269516,130.02409751074833,11.67
2020-03-10,32.83433481269516,130.02409751074833,13.4
2020-03-11,32.83433481269516,130.02409751074833,9.76
2020-03-12,32.83433481269516,130.02409751074833,9.46
2020-03-13,32.83433481269516,130.02409751074833,11.26
2020-03-14,32.83433481269516,130.02409751074833,10.2
2020-03-15,32.83433481269516,130.02409751074833,10.49
2020-03-16,32.83433481269516,130.02409751074833,8.46
2020-03-17,32.83433481269516,130.02409751074833,10.58
2020-03-18,32.83433481269516,130.02409751074833,13.35
2020-03-19,32.83433481269516,130.02409751074833,14.41
2020-03-20,32.83433481269516,130.02409751074833,11.0
2020-03-21,32.83433481269516,130.02409751074833,14.27
2020-03-22,32.83433481269516,130.02409751074833,16.39
2020-03-23,32.83433481269516,130.02409751074833,14.45
2020-03-24,32.83433481269516,130.02409751074833,13.13
2020-03-25,32.83433481269516,130.02409751074833,14.07
2020-03-26,32.83433481269516,130.02409751074833,15.47
2020-03-27,32.83433481269516,130.02409751074833,17.64
2020-03-28,32.83433481269516,130.02409751074833,12.91
2020-03-29,32.83433481269516,130.02409751074833,12.82
2020-03-30,32.83433481269516,130.02409751074833,11.97
2020-03-31,32.83433481269516,130.02409751074833,14.3
2020-04-01,32.83433481269516,130.02409751074833,12.53
2020-04-02,32.83433481269516,130.02409751074833,12.78
2020-04-03,32.83433481269516,130.02409751074833,12.9
2020-04-04,32.83433481269516,130.02409751074833,13.73
2020-04-05,32.83433481269516,130.02409751074833,12.01
2020-04-06,32.83433481269516,130.02409751074833,11.64
2020-04-07,32.83433481269516,130.02409751074833,13.59
2020-04-08,32.83433481269516,130.02409751074833,13.78
2020-04-09,32.83433481269516,130.02409751074833,13.63
2020-04-10,32.83433481269516,130.02409751074833,13.27
2020-04-11,32.83433481269516,130.02409751074833,13.57
2020-04-12,32.83433481269516,130.02409751074833,11.43
2020-04-13,32.83433481269516,130.02409751074833,10.35
2020-04-14,32.83433481269516,130.02409751074833,13.82
2020-04-15,32.83433481269516,130.02409751074833,14.38
2020-04-16,32.83433481269516,130.02409751074833,15.35
2020-04-17,32.83433481269516,130.02409751074833,16.45
2020-04-18,32.83433481269516,130.02409751074833,15.55
2020-04-19,32.83433481269516,130.02409751074833,14.53
2020-04-20,32.83433481269516,130.02409751074833,16.17
2020-04-21,32.83433481269516,130.02409751074833,14.88
2020-04-22,32.83433481269516,130.02409751074833,12.2
2020-04-23,32.83433481269516,130.02409751074833,11.07
2020-04-24,32.83433481269516,130.02409751074833,12.27
2020-04-25,32.83433481269516,130.02409751074833,15.03
2020-04-26,32.83433481269516,130.02409751074833,16.11
2020-04-27,32.83433481269516,130.02409751074833,14.94
2020-04-28,32.83433481269516,130.02409751074833,14.7
2020-04-29,32.83433481269516,130.02409751074833,15.05
2020-04-30,32.83433481269516,130.02409751074833,16.81
2020-05-01,32.83433481269516,130.02409751074833,19.44
2020-05-02,32.83433481269516,130.02409751074833,20.21
2020-05-03,32.83433481269516,130.02409751074833,19.11
2020-05-04,32.83433481269516,130.02409751074833,20.33
2020-05-05,32.83433481269516,130.02409751074833,20.06
2020-05-06,32.83433481269516,130.02409751074833,20.84
2020-05-07,32.83433481269516,130.02409751074833,20.53
2020-05-08,32.83433481269516,130.02409751074833,20.47
2020-05-09,32.83433481269516,130.02409751074833,20.14
2020-05-10,32.83433481269516,130.02409751074833,19.12
2020-05-11,32.83433481269516,130.02409751074833,19.53
2020-05-12,32.83433481269516,130.02409751074833,18.82
2020-05-13,32.83433481269516,130.02409751074833,18.72
2020-05-14,32.83433481269516,130.02409751074833,19.81
2020-05-15,32.83433481269516,130.02409751074833,20.46
2020-05-16,32.83433481269516,130.02409751074833,22.05
2020-05-17,32.83433481269516,130.02409751074833,22.2
2020-05-18,32.83433481269516,130.02409751074833,21.17
2020-05-19,32.83433481269516,130.02409751074833,19.3
2020-05-20,32.83433481269516,130.02409751074833,18.28
2020-05-21,32.83433481269516,130.02409751074833,18.04
2020-05-22,32.83433481269516,130.02409751074833,19.42
2020-05-23,32.83433481269516,130.02409751074833,21.37
2020-05-24,32.83433481269516,130.02409751074833,22.98
2020-05-25,32.83433481269516,130.02409751074833,22.22
2020-05-26,32.83433481269516,130.02409751074833,20.26
2020-05-27,32.83433481269516,130.02409751074833,20.17
2020-05-28,32.83433481269516,130.02409751074833,20.73
2020-05-29,32.83433481269516,130.02409751074833,21.1
2020-05-30,32.83433481269516,130.02409751074833,21.39
2020-05-31,32.83433481269516,130.02409751074833,22.5
2020-06-01,32.83433481269516,130.02409751074833,22.59
2020-06-02,32.83433481269516,130.02409751074833,21.96
2020-06-03,32.83433481269516,130.02409751074833,22.04
2020-06-04,32.83433481269516,130.02409751074833,23.65
2020-06-05,32.83433481269516,130.02409751074833,24.0
2020-06-06,32.83433481269516,130.02409751074833,23.28
2020-06-07,32.83433481269516,130.02409751074833,24.06
2020-06-08,32.83433481269516,130.02409751074833,24.81
2020-06-09,32.83433481269516,130.02409751074833,26.38
2020-06-10,32.83433481269516,130.02409751074833,26.0
2020-06-11,32.83433481269516,130.02409751074833,24.32
2020-06-12,32.83433481269516,130.02409751074833,25.1
2020-06-13,32.83433481269516,130.02409751074833,26.49
2020-06-14,32.83433481269516,130.02409751074833,26.01
2020-06-15,32.83433481269516,130.02409751074833,23.74
2020-06-16,32.83433481269516,130.02409751074833,23.96
2020-06-17,32.83433481269516,130.02409751074833,23.64
2020-06-18,32.83433481269516,130.02409751074833,23.75
2020-06-19,32.83433481269516,130.02409751074833,23.14
2020-06-20,32.83433481269516,130.02409751074833,22.68
2020-06-21,32.83433481269516,130.02409751074833,22.48
2020-06-22,32.83433481269516,130.02409751074833,24.23
2020-06-23,32.83433481269516,130.02409751074833,25.69
2020-06-24,32.83433481269516,130.02409751074833,26.14
2020-06-25,32.83433481269516,130.02409751074833,26.97
2020-06-26,32.83433481269516,130.02409751074833,26.24
2020-06-27,32.83433481269516,130.02409751074833,25.79
2020-06-28,32.83433481269516,130.02409751074833,26.27
2020-06-29,32.83433481269516,130.02409751074833,24.11
2020-06-30,32.83433481269516,130.02409751074833,24.11
2020-07-01,32.83433481269516,130.02409751074833,23.19
2020-07-02,32.83433481269516,130.02409751074833,24.16
2020-07-03,32.83433481269516,130.02409751074833,23.87
2020-07-04,32.83433481269516,130.02409751074833,24.99
2020-07-05,32.83433481269516,130.02409751074833,24.8
2020-07-06,32.83433481269516,130.02409751074833,25.27
2020-07-07,32.83433481269516,130.02409751074833,25.77
2020-07-08,32.83433481269516,130.02409751074833,25.38
2020-07-09,32.83433481269516,130.02409751074833,24.49
2020-07-10,32.83433481269516,130.02409751074833,25.43
2020-07-11,32.83433481269516,130.02409751074833,25.45
2020-07-12,32.83433481269516,130.02409751074833,24.23
2020-07-13,32.83433481269516,130.02409751074833,27.33
2020-07-14,32.83433481269516,130.02409751074833,23.68
2020-07-15,32.83433481269516,130.02409751074833,22.44
2020-07-16,32.83433481269516,130.02409751074833,23.49
2020-07-17,32.83433481269516,130.02409751074833,24.81
2020-07-18,32.83433481269516,130.02409751074833,25.63
2020-07-19,32.83433481269516,130.02409751074833,27.59
2020-07-20,32.83433481269516,130.02409751074833,28.97
2020-07-21,32.83433481269516,130.02409751074833,28.25
2020-07-22,32.83433481269516,130.02409751074833,28.08
2020-07-23,32.83433481269516,130.02409751074833,27.05
2020-07-24,32.83433481269516,130.02409751074833,25.78
2020-07-25,32.83433481269516,130.02409751074833,24.45
2020-07-26,32.83433481269516,130.02409751074833,25.65
2020-07-27,32.83433481269516,130.02409751074833,26.14
2020-07-28,32.83433481269516,130.02409751074833,26.91
2020-07-29,32.83433481269516,130.02409751074833,28.01
2020-07-30,32.83433481269516,130.02409751074833,28.41
2020-07-31,32.83433481269516,130.02409751074833,28.69
2020-08-01,32.83433481269516,130.02409751074833,28.16
2020-08-02,32.83433481269516,130.02409751074833,28.1
2020-08-03,32.83433481269516,130.02409751074833,27.76
2020-08-04,32.83433481269516,130.02409751074833,28.95
2020-08-05,32.83433481269516,130.02409751074833,29.11
2020-08-06,32.83433481269516,130.02409751074833,29.22
2020-08-07,32.83433481269516,130.02409751074833,28.48
2020-08-08,32.83433481269516,130.02409751074833,29.24
2020-08-09,32.83433481269516,130.02409751074833,28.91
2020-08-10,32.83433481269516,130.02409751074833,28.59
2020-08-11,32.83433481269516,130.02409751074833,28.52
2020-08-12,32.83433481269516,130.02409751074833,29.67
2020-08-13,32.83433481269516,130.02409751074833,29.66
2020-08-14,32.83433481269516,130.02409751074833,29.71
2020-08-15,32.83433481269516,130.02409751074833,29.74
2020-08-16,32.83433481269516,130.02409751074833,29.71
2020-08-17,32.83433481269516,130.02409751074833,29.97
2020-08-18,32.83433481269516,130.02409751074833,29.63
2020-08-19,32.83433481269516,130.02409751074833,29.18
2020-08-20,32.83433481269516,130.02409751074833,29.54
2020-08-21,32.83433481269516,130.02409751074833,29.63
2020-08-22,32.83433481269516,130.02409751074833,28.11
2020-08-23,32.83433481269516,130.02409751074833,27.94
2020-08-24,32.83433481269516,130.02409751074833,29.41
2020-08-25,32.83433481269516,130.02409751074833,30.3
2020-08-26,32.83433481269516,130.02409751074833,28.64
2020-08-27,32.83433481269516,130.02409751074833,27.26
2020-08-28,32.83433481269516,130.02409751074833,27.54
2020-08-29,32.83433481269516,130.02409751074833,29.15
2020-08-30,32.83433481269516,130.02409751074833,29.49
2020-08-31,32.83433481269516,130.02409751074833,29.77
2020-09-01,32.83433481269516,130.02409751074833,29.39
2020-09-02,32.83433481269516,130.02409751074833,29.01
2020-09-03,32.83433481269516,130.02409751074833,27.07
2020-09-04,32.83433481269516,130.02409751074833,26.44
2020-09-05,32.83433481269516,130.02409751074833,25.8
2020-09-06,32.83433481269516,130.02409751074833,26.27
2020-09-07,32.83433481269516,130.02409751074833,25.63
2020-09-08,32.83433481269516,130.02409751074833,26.18
2020-09-09,32.83433481269516,130.02409751074833,24.89
2020-09-10,32.83433481269516,130.02409751074833,25.58
2020-09-11,32.83433481269516,130.02409751074833,25.2
2020-09-12,32.83433481269516,130.02409751074833,24.56
2020-09-13,32.83433481269516,130.02409751074833,24.36
2020-09-14,32.83433481269516,130.02409751074833,23.92
2020-09-15,32.83433481269516,130.02409751074833,24.61
2020-09-16,32.83433481269516,130.02409751074833,23.87
2020-09-17,32.83433481269516,130.02409751074833,25.87
2020-09-18,32.83433481269516,130.02409751074833,23.47
2020-09-19,32.83433481269516,130.02409751074833,21.89
2020-09-20,32.83433481269516,130.02409751074833,21.49
2020-09-21,32.83433481269516,130.02409751074833,21.49
2020-09-22,32.83433481269516,130.02409751074833,22.25
2020-09-23,32.83433481269516,130.02409751074833,23.86
2020-09-24,32.83433481269516,130.02409751074833,21.6
2020-09-25,32.83433481269516,130.02409751074833,23.18
2020-09-26,32.83433481269516,130.02409751074833,22.59
2020-09-27,32.83433481269516,130.02409751074833,22.04
2020-09-28,32.83433481269516,130.02409751074833,21.13
2020-09-29,32.83433481269516,130.02409751074833,21.1
2020-09-30,32.83433481269516,130.02409751074833,21.84
2020-10-01,32.83433481269516,130.02409751074833,21.63
2020-10-02,32.83433481269516,130.02409751074833,21.96
2020-10-03,32.83433481269516,130.02409751074833,22.76
2020-10-04,32.83433481269516,130.02409751074833,23.09
2020-10-05,32.83433481269516,130.02409751074833,20.55
2020-10-06,32.83433481269516,130.02409751074833,19.75
2020-10-07,32.83433481269516,130.02409751074833,21.32
2020-10-08,32.83433481269516,130.02409751074833,21.29
2020-10-09,32.83433481269516,130.02409751074833,22.24
2020-10-10,32.83433481269516,130.02409751074833,22.01
2020-10-11,32.83433481269516,130.02409751074833,21.44
2020-10-12,32.83433481269516,130.02409751074833,21.18
2020-10-13,32.83433481269516,130.02409751074833,20.3
2020-10-14,32.83433481269516,130.02409751074833,19.78
2020-10-15,32.83433481269516,130.02409751074833,19.28
2020-10-16,32.83433481269516,130.02409751074833,18.86
2020-10-17,32.83433481269516,130.02409751074833,16.34
2020-10-18,32.83433481269516,130.02409751074833,18.42
2020-10-19,32.83433481269516,130.02409751074833,19.11
2020-10-20,32.83433481269516,130.02409751074833,18.36
2020-10-21,32.83433481269516,130.02409751074833,19.92
2020-10-22,32.83433481269516,130.02409751074833,18.96
2020-10-23,32.83433481269516,130.02409751074833,15.64
2020-10-24,32.83433481269516,130.02409751074833,14.83
2020-10-25,32.83433481269516,130.02409751074833,15.07
2020-10-26,32.83433481269516,130.02409751074833,15.96
2020-10-27,32.83433481269516,130.02409751074833,16.19
2020-10-28,32.83433481269516,130.02409751074833,17.57
2020-10-29,32.83433481269516,130.02409751074833,18.05
2020-10-30,32.83433481269516,130.02409751074833,17.16
2020-10-31,32.83433481269516,130.02409751074833,15.39
2020-11-01,32.83433481269516,130.02409751074833,18.1
2020-11-02,32.83433481269516,130.02409751074833,16.72
2020-11-03,32.83433481269516,130.02409751074833,14.15
2020-11-04,32.83433481269516,130.02409751074833,11.64
2020-11-05,32.83433481269516,130.02409751074833,12.94
2020-11-06,32.83433481269516,130.02409751074833,17.59
2020-11-07,32.83433481269516,130.02409751074833,18.57
2020-11-08,32.83433481269516,130.02409751074833,16.35
2020-11-09,32.83433481269516,130.02409751074833,12.78
2020-11-10,32.83433481269516,130.02409751074833,11.87
2020-11-11,32.83433481269516,130.02409751074833,12.56
2020-11-12,32.83433481269516,130.02409751074833,13.13
2020-11-13,32.83433481269516,130.02409751074833,14.43
2020-11-14,32.83433481269516,130.02409751074833,16.11
2020-11-15,32.83433481269516,130.02409751074833,16.63
2020-11-16,32.83433481269516,130.02409751074833,18.52
2020-11-17,32.83433481269516,130.02409751074833,19.42
2020-11-18,32.83433481269516,130.02409751074833,20.06
2020-11-19,32.83433481269516,130.02409751074833,21.87
2020-11-20,32.83433481269516,130.02409751074833,16.44
2020-11-21,32.83433481269516,130.02409751074833,14.6
2020-11-22,32.83433481269516,130.02409751074833,15.9
2020-11-23,32.83433481269516,130.02409751074833,13.14
2020-11-24,32.83433481269516,130.02409751074833,12.79
2020-11-25,32.83433481269516,130.02409751074833,13.56
2020-11-26,32.83433481269516,130.02409751074833,12.63
2020-11-27,32.83433481269516,130.02409751074833,13.73
2020-11-28,32.83433481269516,130.02409751074833,10.19
2020-11-29,32.83433481269516,130.02409751074833,9.43
2020-11-30,32.83433481269516,130.02409751074833,8.79
2020-12-01,32.83433481269516,130.02409751074833,9.23
2020-12-02,32.83433481269516,130.02409751074833,10.64
2020-12-03,32.83433481269516,130.02409751074833,10.3
2020-12-04,32.83433481269516,130.02409751074833,9.01
2020-12-05,32.83433481269516,130.02409751074833,8.64
2020-12-06,32.83433481269516,130.02409751074833,9.8
2020-12-07,32.83433481269516,130.02409751074833,10.56
2020-12-08,32.83433481269516,130.02409751074833,10.15
2020-12-09,32.83433481269516,130.02409751074833,8.79
2020-12-10,32.83433481269516,130.02409751074833,10.35
2020-12-11,32.83433481269516,130.02409751074833,10.5
2020-12-12,32.83433481269516,130.02409751074833,11.18
2020-12-13,32.83433481269516,130.02409751074833,9.03
2020-12-14,32.83433481269516,130.02409751074833,6.14
2020-12-15,32.83433481269516,130.02409751074833,3.27
2020-12-16,32.83433481269516,130.02409751074833,4.02
2020-12-17,32.83433481269516,130.02409751074833,4.02
2020-12-18,32.83433481269516,130.02409751074833,6.49
2020-12-19,32.83433481269516,130.02409751074833,6.64
2020-12-20,32.83433481269516,130.02409751074833,4.97
2020-12-21,32.83433481269516,130.02409751074833,6.81
2020-12-22,32.83433481269516,130.02409751074833,7.21
2020-12-23,32.83433481269516,130.02409751074833,7.89
2020-12-24,32.83433481269516,130.02409751074833,8.79
2020-12-25,32.83433481269516,130.02409751074833,6.65
2020-12-26,32.83433481269516,130.02409751074833,5.57
2020-12-27,32.83433481269516,130.02409751074833,7.83
2020-12-28,32.83433481269516,130.02409751074833,11.12
2020-12-29,32.83433481269516,130.02409751074833,10.73
2020-12-30,32.83433481269516,130.02409751074833,3.12
2020-12-31,32.83433481269516,130.02409751074833,1.96
2021-01-01,32.83433481269516,130.02409751074833,4.98
2021-01-02,32.83433481269516,130.02409751074833,5.68
2021-01-03,32.83433481269516,130.02409751074833,4.66
2021-01-04,32.83433481269516,130.02409751074833,5.84
2021-01-05,32.83433481269516,130.02409751074833,7.53
2021-01-06,32.83433481269516,130.02409751074833,4.92
2021-01-07,32.83433481269516,130.02409751074833,1.35
2021-01-08,32.83433481269516,130.02409751074833,-0.78
2021-01-09,32.83433481269516,130.02409751074833,-0.01
2021-01-10,32.83433481269516,130.02409751074833,1.96
2021-01-11,32.83433481269516,130.02409751074833,3.94
2021-01-12,32.83433481269516,130.02409751074833,4.26
2021-01-13,32.83433481269516,130.02409751074833,7.07
2021-01-14,32.83433481269516,130.02409751074833,9.6
2021-01-15,32.83433481269516,130.02409751074833,10.69
2021-01-16,32.83433481269516,130.02409751074833,10.41
2021-01-17,32.83433481269516,130.02409751074833,4.64
2021-01-18,32.83433481269516,130.02409751074833,5.95
2021-01-19,32.83433481269516,130.02409751074833,5.46
2021-01-20,32.83433481269516,130.02409751074833,6.13
2021-01-21,32.83433481269516,130.02409751074833,10.26
2021-01-22,32.83433481269516,130.02409751074833,14.05
2021-01-23,32.83433481269516,130.02409751074833,13.07
2021-01-24,32.83433481269516,130.02409751074833,10.57
2021-01-25,32.83433481269516,130.02409751074833,9.7
2021-01-26,32.83433481269516,130.02409751074833,11.76
2021-01-27,32.83433481269516,130.02409751074833,11.02
2021-01-28,32.83433481269516,130.02409751074833,7.8
2021-01-29,32.83433481269516,130.02409751074833,2.38
2021-01-30,32.83433481269516,130.02409751074833,4.38
2021-01-31,32.83433481269516,130.02409751074833,7.85
2021-02-01,32.83433481269516,130.02409751074833,12.84
2021-02-02,32.83433481269516,130.02409751074833,8.12
2021-02-03,32.83433481269516,130.02409751074833,5.03
2021-02-04,32.83433481269516,130.02409751074833,6.55
2021-02-05,32.83433481269516,130.02409751074833,6.88
2021-02-06,32.83433481269516,130.02409751074833,9.87
2021-02-07,32.83433481269516,130.02409751074833,10.37
2021-02-08,32.83433481269516,130.02409751074833,8.06
2021-02-09,32.83433481269516,130.02409751074833,5.36
2021-02-10,32.83433481269516,130.02409751074833,6.97
2021-02-11,32.83433481269516,130.02409751074833,8.8
2021-02-12,32.83433481269516,130.02409751074833,11.18
2021-02-13,32.83433481269516,130.02409751074833,14.74
2021-02-14,32.83433481269516,130.02409751074833,13.43
2021-02-15,32.83433481269516,130.02409751074833,11.89
2021-02-16,32.83433481269516,130.02409751074833,7.39
2021-02-17,32.83433481269516,130.02409751074833,3.01
2021-02-18,32.83433481269516,130.02409751074833,1.66
2021-02-19,32.83433481269516,130.02409751074833,6.28
2021-02-20,32.83433481269516,130.02409751074833,12.81
2021-02-21,32.83433481269516,130.02409751074833,15.52
2021-02-22,32.83433481269516,130.02409751074833,15.55
2021-02-23,32.83433481269516,130.02409751074833,12.7
2021-02-24,32.83433481269516,130.02409751074833,10.03
2021-02-25,32.83433481269516,130.02409751074833,11.31
2021-02-26,32.83433481269516,130.02409751074833,10.71
2021-02-27,32.83433481269516,130.02409751074833,10.67
2021-02-28,32.83433481269516,130.02409751074833,13.57
2021-03-01,32.83433481269516,130.02409751074833,16.22
2021-03-02,32.83433481269516,130.02409751074833,10.39
2021-03-03,32.83433481269516,130.02409751074833,8.11
2021-03-04,32.83433481269516,130.02409751074833,10.5
2021-03-05,32.83433481269516,130.02409751074833,14.01
2021-03-06,32.83433481269516,130.02409751074833,13.38
2021-03-07,32.83433481269516,130.02409751074833,9.83
2021-03-08,32.83433481269516,130.02409751074833,11.48
2021-03-09,32.83433481269516,130.02409751074833,10.66
2021-03-10,32.83433481269516,130.02409751074833,11.89
2021-03-11,32.83433481269516,130.02409751074833,13.24
2021-03-12,32.83433481269516,130.02409751074833,14.55
2021-03-13,32.83433481269516,130.02409751074833,12.73
2021-03-14,32.83433481269516,130.02409751074833,11.15
2021-03-15,32.83433481269516,130.02409751074833,12.05
2021-03-16,32.83433481269516,130.02409751074833,16.17
2021-03-17,32.83433481269516,130.02409751074833,14.31
2021-03-18,32.83433481269516,130.02409751074833,15.05
2021-03-19,32.83433481269516,130.02409751074833,15.65
2021-03-20,32.83433481269516,130.02409751074833,16.52
2021-03-21,32.83433481269516,130.02409751074833,13.26
2021-03-22,32.83433481269516,130.02409751074833,9.5
2021-03-23,32.83433481269516,130.02409751074833,10.99
2021-03-24,32.83433481269516,130.02409751074833,12.92
2021-03-25,32.83433481269516,130.02409751074833,15.58
2021-03-26,32.83433481269516,130.02409751074833,14.88
2021-03-27,32.83433481269516,130.02409751074833,17.03
2021-03-28,32.83433481269516,130.02409751074833,15.61
2021-03-29,32.83433481269516,130.02409751074833,15.61
2021-03-30,32.83433481269516,130.02409751074833,15.95
2021-03-31,32.83433481269516,130.02409751074833,15.76
2021-04-01,32.83433481269516,130.02409751074833,17.74
2021-04-02,32.83433481269516,130.02409751074833,19.83
2021-04-03,32.83433481269516,130.02409751074833,20.59
2021-04-04,32.83433481269516,130.02409751074833,16.73
2021-04-05,32.83433481269516,130.02409751074833,13.34
2021-04-06,32.83433481269516,130.02409751074833,13.68
2021-04-07,32.83433481269516,130.02409751074833,15.04
2021-04-08,32.83433481269516,130.02409751074833,15.19
2021-04-09,32.83433481269516,130.02409751074833,14.97
2021-04-10,32.83433481269516,130.02409751074833,14.66
2021-04-11,32.83433481269516,130.02409751074833,14.76
2021-04-12,32.83433481269516,130.02409751074833,16.55
2021-04-13,32.83433481269516,130.02409751074833,16.62
2021-04-14,32.83433481269516,130.02409751074833,13.23
2021-04-15,32.83433481269516,130.02409751074833,13.67
2021-04-16,32.83433481269516,130.02409751074833,15.81
2021-04-17,32.83433481269516,130.02409751074833,15.87
2021-04-18,32.83433481269516,130.02409751074833,12.65
2021-04-19,32.83433481269516,130.02409751074833,13.41
2021-04-20,32.83433481269516,130.02409751074833,15.6
2021-04-21,32.83433481269516,130.02409751074833,18.1
2021-04-22,32.83433481269516,130.02409751074833,19.81
2021-04-23,32.83433481269516,130.02409751074833,20.25
2021-04-24,32.83433481269516,130.02409751074833,19.88
2021-04-25,32.83433481269516,130.02409751074833,17.84
2021-04-26,32.83433481269516,130.02409751074833,16.48
2021-04-27,32.83433481269516,130.02409751074833,17.7
2021-04-28,32.83433481269516,130.02409751074833,17.62
2021-04-29,32.83433481269516,130.02409751074833,16.98
2021-04-30,32.83433481269516,130.02409751074833,18.46
2021-05-01,32.83433481269516,130.02409751074833,17.04
2021-05-02,32.83433481269516,130.02409751074833,14.44
2021-05-03,32.83433481269516,130.02409751074833,15.25
2021-05-04,32.83433481269516,130.02409751074833,18.2
2021-05-05,32.83433481269516,130.02409751074833,18.73
2021-05-06,32.83433481269516,130.02409751074833,17.91
2021-05-07,32.83433481269516,130.02409751074833,18.97
2021-05-08,32.83433481269516,130.02409751074833,20.14
2021-05-09,32.83433481269516,130.02409751074833,20.6
2021-05-10,32.83433481269516,130.02409751074833,20.09
2021-05-11,32.83433481269516,130.02409751074833,20.36
2021-05-12,32.83433481269516,130.02409751074833,19.29
2021-05-13,32.83433481269516,130.02409751074833,20.8
2021-05-14,32.83433481269516,130.02409751074833,22.8
2021-05-15,32.83433481269516,130.02409751074833,22.16
2021-05-16,32.83433481269516,130.02409751074833,25.58
2021-05-17,32.83433481269516,130.02409751074833,21.34
2021-05-18,32.83433481269516,130.02409751074833,19.33
2021-05-19,32.83433481269516,130.02409751074833,20.35
2021-05-20,32.83433481269516,130.02409751074833,21.87
2021-05-21,32.83433481269516,130.02409751074833,19.07
2021-05-22,32.83433481269516,130.02409751074833,18.7
2021-05-23,32.83433481269516,130.02409751074833,20.92
2021-05-24,32.83433481269516,130.02409751074833,18.74
2021-05-25,32.83433481269516,130.02409751074833,20.06
2021-05-26,32.83433481269516,130.02409751074833,18.14
2021-05-27,32.83433481269516,130.02409751074833,19.29
2021-05-28,32.83433481269516,130.02409751074833,21.11
2021-05-29,32.83433481269516,130.02409751074833,20.72
2021-05-30,32.83433481269516,130.02409751074833,21.37
2021-05-31,32.83433481269516,130.02409751074833,22.93
2021-06-01,32.83433481269516,130.02409751074833,23.82
2021-06-02,32.83433481269516,130.02409751074833,23.34
2021-06-03,32.83433481269516,130.02409751074833,21.94
2021-06-04,32.83433481269516,130.02409751074833,20.78
2021-06-05,32.83433481269516,130.02409751074833,19.86
2021-06-06,32.83433481269516,130.02409751074833,20.81
2021-06-07,32.83433481269516,130.02409751074833,23.18
2021-06-08,32.83433481269516,130.02409751074833,24.8
2021-06-09,32.83433481269516,130.02409751074833,26.3
2021-06-10,32.83433481269516,130.02409751074833,26.1
2021-06-11,32.83433481269516,130.02409751074833,23.95
2021-06-12,32.83433481269516,130.02409751074833,24.42
2021-06-13,32.83433481269516,130.02409751074833,24.42
2021-06-14,32.83433481269516,130.02409751074833,24.81
2021-06-15,32.83433481269516,130.02409751074833,23.23
2021-06-16,32.83433481269516,130.02409751074833,23.11
2021-06-17,32.83433481269516,130.02409751074833,23.66
2021-06-18,32.83433481269516,130.02409751074833,23.29
2021-06-19,32.83433481269516,130.02409751074833,24.21
2021-06-20,32.83433481269516,130.02409751074833,24.33
2021-06-21,32.83433481269516,130.02409751074833,24.57
2021-06-22,32.83433481269516,130.02409751074833,24.46
2021-06-23,32.83433481269516,130.02409751074833,24.26
2021-06-24,32.83433481269516,130.02409751074833,24.05
2021-06-25,32.83433481269516,130.02409751074833,24.54
2021-06-26,32.83433481269516,130.02409751074833,24.57
2021-06-27,32.83433481269516,130.02409751074833,24.81
2021-06-28,32.83433481269516,130.02409751074833,25.37
2021-06-29,32.83433481269516,130.02409751074833,25.98
2021-06-30,32.83433481269516,130.02409751074833,26.8
2021-07-01,32.83433481269516,130.02409751074833,27.91
2021-07-02,32.83433481269516,130.02409751074833,27.37
2021-07-03,32.83433481269516,130.02409751074833,26.66
2021-07-04,32.83433481269516,130.02409751074833,28.47
2021-07-05,32.83433481269516,130.02409751074833,28.44
2021-07-06,32.83433481269516,130.02409751074833,28.38
2021-07-07,32.83433481269516,130.02409751074833,28.51
2021-07-08,32.83433481269516,130.02409751074833,26.83
2021-07-09,32.83433481269516,130.02409751074833,26.82
2021-07-10,32.83433481269516,130.02409751074833,24.75
2021-07-11,32.83433481269516,130.02409751074833,26.34
2021-07-12,32.83433481269516,130.02409751074833,27.76
2021-07-13,32.83433481269516,130.02409751074833,28.04
2021-07-14,32.83433481269516,130.02409751074833,28.12
2021-07-15,32.83433481269516,130.02409751074833,27.08
2021-07-16,32.83433481269516,130.02409751074833,27.06
2021-07-17,32.83433481269516,130.02409751074833,25.65
2021-07-18,32.83433481269516,130.02409751074833,27.53
2021-07-19,32.83433481269516,130.02409751074833,28.05
2021-07-20,32.83433481269516,130.02409751074833,29.34
2021-07-21,32.83433481269516,130.02409751074833,29.34
2021-07-22,32.83433481269516,130.02409751074833,29.25
2021-07-23,32.83433481269516,130.02409751074833,29.06
2021-07-24,32.83433481269516,130.02409751074833,29.93
2021-07-25,32.83433481269516,130.02409751074833,29.04
2021-07-26,32.83433481269516,130.02409751074833,29.09
2021-07-27,32.83433481269516,130.02409751074833,28.79
2021-07-28,32.83433481269516,130.02409751074833,28.91
2021-07-29,32.83433481269516,130.02409751074833,28.76
2021-07-30,32.83433481269516,130.02409751074833,28.54
2021-07-31,32.83433481269516,130.02409751074833,28.77
2021-08-01,32.83433481269516,130.02409751074833,28.25
2021-08-02,32.83433481269516,130.02409751074833,29.1
2021-08-03,32.83433481269516,130.02409751074833,29.67
2021-08-04,32.83433481269516,130.02409751074833,30.08
2021-08-05,32.83433481269516,130.02409751074833,30.42
2021-08-06,32.83433481269516,130.02409751074833,30.79
2021-08-07,32.83433481269516,130.02409751074833,30.1
2021-08-08,32.83433481269516,130.02409751074833,27.24
2021-08-09,32.83433481269516,130.02409751074833,27.52
2021-08-10,32.83433481269516,130.02409751074833,27.0
2021-08-11,32.83433481269516,130.02409751074833,24.14
2021-08-12,32.83433481269516,130.02409751074833,25.77
2021-08-13,32.83433481269516,130.02409751074833,26.2
2021-08-14,32.83433481269516,130.02409751074833,26.52
2021-08-15,32.83433481269516,130.02409751074833,25.45
2021-08-16,32.83433481269516,130.02409751074833,24.32
2021-08-17,32.83433481269516,130.02409751074833,25.14
2021-08-18,32.83433481269516,130.02409751074833,23.88
2021-08-19,32.83433481269516,130.02409751074833,25.7
2021-08-20,32.83433481269516,130.02409751074833,25.78
2021-08-21,32.83433481269516,130.02409751074833,27.63
2021-08-22,32.83433481269516,130.02409751074833,28.15
2021-08-23,32.83433481269516,130.02409751074833,28.39
2021-08-24,32.83433481269516,130.02409751074833,28.77
2021-08-25,32.83433481269516,130.02409751074833,29.01
2021-08-26,32.83433481269516,130.02409751074833,27.79
2021-08-27,32.83433481269516,130.02409751074833,28.3
2021-08-28,32.83433481269516,130.02409751074833,27.69
2021-08-29,32.83433481269516,130.02409751074833,27.79
2021-08-30,32.83433481269516,130.02409751074833,28.13
2021-08-31,32.83433481269516,130.02409751074833,28.33
2021-09-01,32.83433481269516,130.02409751074833,27.72
2021-09-02,32.83433481269516,130.02409751074833,26.91
2021-09-03,32.83433481269516,130.02409751074833,26.81
2021-09-04,32.83433481269516,130.02409751074833,26.48
2021-09-05,32.83433481269516,130.02409751074833,25.61
2021-09-06,32.83433481269516,130.02409751074833,26.74
2021-09-07,32.83433481269516,130.02409751074833,27.05
2021-09-08,32.83433481269516,130.02409751074833,25.75
2021-09-09,32.83433481269516,130.02409751074833,25.07
2021-09-10,32.83433481269516,130.02409751074833,25.15
2021-09-11,32.83433481269516,130.02409751074833,25.03
2021-09-12,32.83433481269516,130.02409751074833,25.12
2021-09-13,32.83433481269516,130.02409751074833,24.69
2021-09-14,32.83433481269516,130.02409751074833,24.18
2021-09-15,32.83433481269516,130.02409751074833,26.27
2021-09-16,32.83433481269516,130.02409751074833,27.63
2021-09-17,32.83433481269516,130.02409751074833,25.6
2021-09-18,32.83433481269516,130.02409751074833,24.74
2021-09-19,32.83433481269516,130.02409751074833,24.9
2021-09-20,32.83433481269516,130.02409751074833,25.44
2021-09-21,32.83433481269516,130.02409751074833,26.54
2021-09-22,32.83433481269516,130.02409751074833,25.35
2021-09-23,32.83433481269516,130.02409751074833,24.82
2021-09-24,32.83433481269516,130.02409751074833,23.15
2021-09-25,32.83433481269516,130.02409751074833,23.9
2021-09-26,32.83433481269516,130.02409751074833,24.64
2021-09-27,32.83433481269516,130.02409751074833,25.38
2021-09-28,32.83433481269516,130.02409751074833,25.86
2021-09-29,32.83433481269516,130.02409751074833,26.42
2021-09-30,32.83433481269516,130.02409751074833,26.07
2021-10-01,32.83433481269516,130.02409751074833,24.92
2021-10-02,32.83433481269516,130.02409751074833,23.18
2021-10-03,32.83433481269516,130.02409751074833,23.74
2021-10-04,32.83433481269516,130.02409751074833,23.75
2021-10-05,32.83433481269516,130.02409751074833,24.11
2021-10-06,32.83433481269516,130.02409751074833,23.62
2021-10-07,32.83433481269516,130.02409751074833,23.71
2021-10-08,32.83433481269516,130.02409751074833,24.41
2021-10-09,32.83433481269516,130.02409751074833,25.36
2021-10-10,32.83433481269516,130.02409751074833,25.85
2021-10-11,32.83433481269516,130.02409751074833,25.62
2021-10-12,32.83433481269516,130.02409751074833,25.81
2021-10-13,32.83433481269516,130.02409751074833,25.39
2021-10-14,32.83433481269516,130.02409751074833,24.07
2021-10-15,32.83433481269516,130.02409751074833,21.9
2021-10-16,32.83433481269516,130.02409751074833,20.74
2021-10-17,32.83433481269516,130.02409751074833,17.6
2021-10-18,32.83433481269516,130.02409751074833,16.9
2021-10-19,32.83433481269516,130.02409751074833,17.28
2021-10-20,32.83433481269516,130.02409751074833,16.63
2021-10-21,32.83433481269516,130.02409751074833,15.3
2021-10-22,32.83433481269516,130.02409751074833,15.97
2021-10-23,32.83433481269516,130.02409751074833,16.19
2021-10-24,32.83433481269516,130.02409751074833,15.91
2021-10-25,32.83433481269516,130.02409751074833,17.03
2021-10-26,32.83433481269516,130.02409751074833,17.02
2021-10-27,32.83433481269516,130.02409751074833,17.03
2021-10-28,32.83433481269516,130.02409751074833,17.3
2021-10-29,32.83433481269516,130.02409751074833,17.45
2021-10-30,32.83433481269516,130.02409751074833,16.58
2021-10-31,32.83433481269516,130.02409751074833,17.93
2021-11-01,32.83433481269516,130.02409751074833,17.5
2021-11-02,32.83433481269516,130.02409751074833,16.31
2021-11-03,32.83433481269516,130.02409751074833,15.64
2021-11-04,32.83433481269516,130.02409751074833,15.54
2021-11-05,32.83433481269516,130.02409751074833,16.35
2021-11-06,32.83433481269516,130.02409751074833,15.36
2021-11-07,32.83433481269516,130.02409751074833,17.52
2021-11-08,32.83433481269516,130.02409751074833,16.58
2021-11-09,32.83433481269516,130.02409751074833,13.0
2021-11-10,32.83433481269516,130.02409751074833,12.41
2021-11-11,32.83433481269516,130.02409751074833,12.79
2021-11-12,32.83433481269516,130.02409751074833,11.88
2021-11-13,32.83433481269516,130.02409751074833,12.64
2021-11-14,32.83433481269516,130.02409751074833,13.55
2021-11-15,32.83433481269516,130.02409751074833,13.57
2021-11-16,32.83433481269516,130.02409751074833,13.46
2021-11-17,32.83433481269516,130.02409751074833,13.4
2021-11-18,32.83433481269516,130.02409751074833,13.75
2021-11-19,32.83433481269516,130.02409751074833,13.36
2021-11-20,32.83433481269516,130.02409751074833,13.73
2021-11-21,32.83433481269516,130.02409751074833,14.35
2021-11-22,32.83433481269516,130.02409751074833,13.25
2021-11-23,32.83433481269516,130.02409751074833,9.84
2021-11-24,32.83433481269516,130.02409751074833,11.7
2021-11-25,32.83433481269516,130.02409751074833,13.59
2021-11-26,32.83433481269516,130.02409751074833,11.8
2021-11-27,32.83433481269516,130.02409751074833,10.22
2021-11-28,32.83433481269516,130.02409751074833,9.65
2021-11-29,32.83433481269516,130.02409751074833,11.1
2021-11-30,32.83433481269516,130.02409751074833,13.5
2021-12-01,32.83433481269516,130.02409751074833,8.96
2021-12-02,32.83433481269516,130.02409751074833,6.46
2021-12-03,32.83433481269516,130.02409751074833,9.26
2021-12-04,32.83433481269516,130.02409751074833,8.34
2021-12-05,32.83433481269516,130.02409751074833,8.58
2021-12-06,32.83433481269516,130.02409751074833,9.76
2021-12-07,32.83433481269516,130.02409751074833,10.54
2021-12-08,32.83433481269516,130.02409751074833,12.02
2021-12-09,32.83433481269516,130.02409751074833,10.71
2021-12-10,32.83433481269516,130.02409751074833,12.36
2021-12-11,32.83433481269516,130.02409751074833,12.08
2021-12-12,32.83433481269516,130.02409751074833,12.62
2021-12-13,32.83433481269516,130.02409751074833,7.94
2021-12-14,32.83433481269516,130.02409751074833,7.17
2021-12-15,32.83433481269516,130.02409751074833,9.35
2021-12-16,32.83433481269516,130.02409751074833,12.09
2021-12-17,32.83433481269516,130.02409751074833,8.33
2021-12-18,32.83433481269516,130.02409751074833,3.91
2021-12-19,32.83433481269516,130.02409751074833,6.59
2021-12-20,32.83433481269516,130.02409751074833,8.37
2021-12-21,32.83433481269516,130.02409751074833,11.42
2021-12-22,32.83433481269516,130.02409751074833,9.99
2021-12-23,32.83433481269516,130.02409751074833,8.85
2021-12-24,32.83433481269516,130.02409751074833,9.23
2021-12-25,32.83433481269516,130.02409751074833,6.5
2021-12-26,32.83433481269516,130.02409751074833,1.66
2021-12-27,32.83433481269516,130.02409751074833,3.03
2021-12-28,32.83433481269516,130.02409751074833,5.37
2021-12-29,32.83433481269516,130.02409751074833,8.01
2021-12-30,32.83433481269516,130.02409751074833,7.66
2021-12-31,32.83433481269516,130.02409751074833,4.91
2022-01-01,32.83433481269516,130.02409751074833,4.23
2022-01-02,32.83433481269516,130.02409751074833,6.47
2022-01-03,32.83433481269516,130.02409751074833,6.58
2022-01-04,32.83433481269516,130.02409751074833,6.21
2022-01-05,32.83433481269516,130.02409751074833,6.53
2022-01-06,32.83433481269516,130.02409751074833,7.75
2022-01-07,32.83433481269516,130.02409751074833,6.62
2022-01-08,32.83433481269516,130.02409751074833,7.13
2022-01-09,32.83433481269516,130.02409751074833,7.78
2022-01-10,32.83433481269516,130.02409751074833,7.49
2022-01-11,32.83433481269516,130.02409751074833,5.83
2022-01-12,32.83433481269516,130.02409751074833,4.08
2022-01-13,32.83433481269516,130.02409751074833,4.66
2022-01-14,32.83433481269516,130.02409751074833,4.12
2022-01-15,32.83433481269516,130.02409751074833,4.78
2022-01-16,32.83433481269516,130.02409751074833,7.19
2022-01-17,32.83433481269516,130.02409751074833,6.66
2022-01-18,32.83433481269516,130.02409751074833,5.65
2022-01-19,32.83433481269516,130.02409751074833,3.78
2022-01-20,32.83433481269516,130.02409751074833,5.99
2022-01-21,32.83433481269516,130.02409751074833,5.96
2022-01-22,32.83433481269516,130.02409751074833,6.96
2022-01-23,32.83433481269516,130.02409751074833,8.72
2022-01-24,32.83433481269516,130.02409751074833,9.13
2022-01-25,32.83433481269516,130.02409751074833,7.86
2022-01-26,32.83433481269516,130.02409751074833,8.9
2022-01-27,32.83433481269516,130.02409751074833,7.9
2022-01-28,32.83433481269516,130.02409751074833,7.64
2022-01-29,32.83433481269516,130.02409751074833,7.28
2022-01-30,32.83433481269516,130.02409751074833,7.38
2022-01-31,32.83433481269516,130.02409751074833,5.82
2022-02-01,32.83433481269516,130.02409751074833,6.02
2022-02-02,32.83433481269516,130.02409751074833,4.8
2022-02-03,32.83433481269516,130.02409751074833,6.11
2022-02-04,32.83433481269516,130.02409751074833,5.87
2022-02-05,32.83433481269516,130.02409751074833,4.16
2022-02-06,32.83433481269516,130.02409751074833,4.11
2022-02-07,32.83433481269516,130.02409751074833,5.69
2022-02-08,32.83433481269516,130.02409751074833,6.42
2022-02-09,32.83433481269516,130.02409751074833,7.47
2022-02-10,32.83433481269516,130.02409751074833,8.35
2022-02-11,32.83433481269516,130.02409751074833,7.51
2022-02-12,32.83433481269516,130.02409751074833,8.95
2022-02-13,32.83433481269516,130.02409751074833,9.07
2022-02-14,32.83433481269516,130.02409751074833,9.79
2022-02-15,32.83433481269516,130.02409751074833,7.41
2022-02-16,32.83433481269516,130.02409751074833,4.04
2022-02-17,32.83433481269516,130.02409751074833,2.0
2022-02-18,32.83433481269516,130.02409751074833,5.44
2022-02-19,32.83433481269516,130.02409751074833,6.35
2022-02-20,32.83433481269516,130.02409751074833,3.6
2022-02-21,32.83433481269516,130.02409751074833,3.58
2022-02-22,32.83433481269516,130.02409751074833,5.12
2022-02-23,32.83433481269516,130.02409751074833,4.36
2022-02-24,32.83433481269516,130.02409751074833,3.59
2022-02-25,32.83433481269516,130.02409751074833,5.71
2022-02-26,32.83433481269516,130.02409751074833,7.39
2022-02-27,32.83433481269516,130.02409751074833,9.73
2022-02-28,32.83433481269516,130.02409751074833,8.41
2022-03-01,32.83433481269516,130.02409751074833,11.93
2022-03-02,32.83433481269516,130.02409751074833,9.37
2022-03-03,32.83433481269516,130.02409751074833,8.51
2022-03-04,32.83433481269516,130.02409751074833,7.86
2022-03-05,32.83433481269516,130.02409751074833,10.28
2022-03-06,32.83433481269516,130.02409751074833,7.47
2022-03-07,32.83433481269516,130.02409751074833,7.35
2022-03-08,32.83433481269516,130.02409751074833,8.4
2022-03-09,32.83433481269516,130.02409751074833,9.93
2022-03-10,32.83433481269516,130.02409751074833,10.58
2022-03-11,32.83433481269516,130.02409751074833,13.77
2022-03-12,32.83433481269516,130.02409751074833,16.38
2022-03-13,32.83433481269516,130.02409751074833,17.55
2022-03-14,32.83433481269516,130.02409751074833,18.66
2022-03-15,32.83433481269516,130.02409751074833,15.72
2022-03-16,32.83433481269516,130.02409751074833,15.0
2022-03-17,32.83433481269516,130.02409751074833,14.6
2022-03-18,32.83433481269516,130.02409751074833,12.84
2022-03-19,32.83433481269516,130.02409751074833,10.22
2022-03-20,32.83433481269516,130.02409751074833,10.41
2022-03-21,32.83433481269516,130.02409751074833,10.21
2022-03-22,32.83433481269516,130.02409751074833,11.22
2022-03-23,32.83433481269516,130.02409751074833,8.98
2022-03-24,32.83433481269516,130.02409751074833,10.2
2022-03-25,32.83433481269516,130.02409751074833,14.59
2022-03-26,32.83433481269516,130.02409751074833,16.06
2022-03-27,32.83433481269516,130.02409751074833,15.49
2022-03-28,32.83433481269516,130.02409751074833,13.44
2022-03-29,32.83433481269516,130.02409751074833,14.16
2022-03-30,32.83433481269516,130.02409751074833,17.76
2022-03-31,32.83433481269516,130.02409751074833,15.98
2022-04-01,32.83433481269516,130.02409751074833,12.37
2022-04-02,32.83433481269516,130.02409751074833,10.79
2022-04-03,32.83433481269516,130.02409751074833,11.83
2022-04-04,32.83433481269516,130.02409751074833,12.4
2022-04-05,32.83433481269516,130.02409751074833,12.63
2022-04-06,32.83433481269516,130.02409751074833,14.84
2022-04-07,32.83433481269516,130.02409751074833,14.58
2022-04-08,32.83433481269516,130.02409751074833,15.62
2022-04-09,32.83433481269516,130.02409751074833,16.33
2022-04-10,32.83433481269516,130.02409751074833,17.57
2022-04-11,32.83433481269516,130.02409751074833,17.15
2022-04-12,32.83433481269516,130.02409751074833,19.5
2022-04-13,32.83433481269516,130.02409751074833,18.6
2022-04-14,32.83433481269516,130.02409751074833,16.6
2022-04-15,32.83433481269516,130.02409751074833,15.37
2022-04-16,32.83433481269516,130.02409751074833,13.61
2022-04-17,32.83433481269516,130.02409751074833,14.72
2022-04-18,32.83433481269516,130.02409751074833,15.19
2022-04-19,32.83433481269516,130.02409751074833,16.32
2022-04-20,32.83433481269516,130.02409751074833,17.26
2022-04-21,32.83433481269516,130.02409751074833,15.46
2022-04-22,32.83433481269516,130.02409751074833,17.23
2022-04-23,32.83433481269516,130.02409751074833,17.23
2022-04-24,32.83433481269516,130.02409751074833,19.23
2022-04-25,32.83433481269516,130.02409751074833,20.64
2022-04-26,32.83433481269516,130.02409751074833,22.59
2022-04-27,32.83433481269516,130.02409751074833,20.7
2022-04-28,32.83433481269516,130.02409751074833,19.97
2022-04-29,32.83433481269516,130.02409751074833,16.77
2022-04-30,32.83433481269516,130.02409751074833,15.88
2022-05-01,32.83433481269516,130.02409751074833,16.37
2022-05-02,32.83433481269516,130.02409751074833,16.58
2022-05-03,32.83433481269516,130.02409751074833,16.97
2022-05-04,32.83433481269516,130.02409751074833,17.33
2022-05-05,32.83433481269516,130.02409751074833,19.81
2022-05-06,32.83433481269516,130.02409751074833,20.28
2022-05-07,32.83433481269516,130.02409751074833,21.21
2022-05-08,32.83433481269516,130.02409751074833,20.57
2022-05-09,32.83433481269516,130.02409751074833,19.59
2022-05-10,32.83433481269516,130.02409751074833,20.5
2022-05-11,32.83433481269516,130.02409751074833,20.4
2022-05-12,32.83433481269516,130.02409751074833,21.19
2022-05-13,32.83433481269516,130.02409751074833,20.08
2022-05-14,32.83433481269516,130.02409751074833,19.48
2022-05-15,32.83433481269516,130.02409751074833,16.94
2022-05-16,32.83433481269516,130.02409751074833,17.88
2022-05-17,32.83433481269516,130.02409751074833,19.05
2022-05-18,32.83433481269516,130.02409751074833,20.04
2022-05-19,32.83433481269516,130.02409751074833,19.54
2022-05-20,32.83433481269516,130.02409751074833,19.5
2022-05-21,32.83433481269516,130.02409751074833,20.56
2022-05-22,32.83433481269516,130.02409751074833,21.3
2022-05-23,32.83433481269516,130.02409751074833,20.92
2022-05-24,32.83433481269516,130.02409751074833,22.51
2022-05-25,32.83433481269516,130.02409751074833,23.39
2022-05-26,32.83433481269516,130.02409751074833,21.06
2022-05-27,32.83433481269516,130.02409751074833,21.46
2022-05-28,32.83433481269516,130.02409751074833,22.24
2022-05-29,32.83433481269516,130.02409751074833,22.15
2022-05-30,32.83433481269516,130.02409751074833,21.24
2022-05-31,32.83433481269516,130.02409751074833,22.69
2022-06-01,32.83433481269516,130.02409751074833,21.34
2022-06-02,32.83433481269516,130.02409751074833,22.07
2022-06-03,32.83433481269516,130.02409751074833,22.76
2022-06-04,32.83433481269516,130.02409751074833,23.95
2022-06-05,32.83433481269516,130.02409751074833,20.58
2022-06-06,32.83433481269516,130.02409751074833,21.83
2022-06-07,32.83433481269516,130.02409751074833,21.44
2022-06-08,32.83433481269516,130.02409751074833,22.34
2022-06-09,32.83433481269516,130.02409751074833,23.06
2022-06-10,32.83433481269516,130.02409751074833,23.53
2022-06-11,32.83433481269516,130.02409751074833,21.33
2022-06-12,32.83433481269516,130.02409751074833,23.16
2022-06-13,32.83433481269516,130.02409751074833,20.7
2022-06-14,32.83433481269516,130.02409751074833,21.58
2022-06-15,32.83433481269516,130.02409751074833,23.58
2022-06-16,32.83433481269516,130.02409751074833,24.3
2022-06-17,32.83433481269516,130.02409751074833,25.06
2022-06-18,32.83433481269516,130.02409751074833,25.51
2022-06-19,32.83433481269516,130.02409751074833,25.15
2022-06-20,32.83433481269516,130.02409751074833,24.07
2022-06-21,32.83433481269516,130.02409751074833,24.05
2022-06-22,32.83433481269516,130.02409751074833,25.24
2022-06-23,32.83433481269516,130.02409751074833,27.51
2022-06-24,32.83433481269516,130.02409751074833,26.85
2022-06-25,32.83433481269516,130.02409751074833,25.18
2022-06-26,32.83433481269516,130.02409751074833,26.86
2022-06-27,32.83433481269516,130.02409751074833,28.67
2022-06-28,32.83433481269516,130.02409751074833,28.5
2022-06-29,32.83433481269516,130.02409751074833,28.84
2022-06-30,32.83433481269516,130.02409751074833,28.72
2022-07-01,32.83433481269516,130.02409751074833,28.8
2022-07-02,32.83433481269516,130.02409751074833,28.45
2022-07-03,32.83433481269516,130.02409751074833,28.72
2022-07-04,32.83433481269516,130.02409751074833,27.25
2022-07-05,32.83433481269516,130.02409751074833,26.63
2022-07-06,32.83433481269516,130.02409751074833,27.7
2022-07-07,32.83433481269516,130.02409751074833,28.55
2022-07-08,32.83433481269516,130.02409751074833,28.7
2022-07-09,32.83433481269516,130.02409751074833,28.1
2022-07-10,32.83433481269516,130.02409751074833,28.22
2022-07-11,32.83433481269516,130.02409751074833,28.45
2022-07-12,32.83433481269516,130.02409751074833,28.5
2022-07-13,32.83433481269516,130.02409751074833,28.51
2022-07-14,32.83433481269516,130.02409751074833,28.86
2022-07-15,32.83433481269516,130.02409751074833,26.71
2022-07-16,32.83433481269516,130.02409751074833,27.15
2022-07-17,32.83433481269516,130.02409751074833,26.38
2022-07-18,32.83433481269516,130.02409751074833,28.21
2022-07-19,32.83433481269516,130.02409751074833,27.53
2022-07-20,32.83433481269516,130.02409751074833,27.35
2022-07-21,32.83433481269516,130.02409751074833,28.44
2022-07-22,32.83433481269516,130.02409751074833,26.93
2022-07-23,32.83433481269516,130.02409751074833,26.42
2022-07-24,32.83433481269516,130.02409751074833,27.53
2022-07-25,32.83433481269516,130.02409751074833,28.46
2022-07-26,32.83433481269516,130.02409751074833,27.96
2022-07-27,32.83433481269516,130.02409751074833,28.83
2022-07-28,32.83433481269516,130.02409751074833,30.56
2022-07-29,32.83433481269516,130.02409751074833,31.24
2022-07-30,32.83433481269516,130.02409751074833,30.33
2022-07-31,32.83433481269516,130.02409751074833,29.69
2022-08-01,32.83433481269516,130.02409751074833,30.08
2022-08-02,32.83433481269516,130.02409751074833,30.0
2022-08-03,32.83433481269516,130.02409751074833,29.62
2022-08-04,32.83433481269516,130.02409751074833,29.44
2022-08-05,32.83433481269516,130.02409751074833,29.74
2022-08-06,32.83433481269516,130.02409751074833,29.42
2022-08-07,32.83433481269516,130.02409751074833,29.1
2022-08-08,32.83433481269516,130.02409751074833,29.81
2022-08-09,32.83433481269516,130.02409751074833,29.57
2022-08-10,32.83433481269516,130.02409751074833,29.81
2022-08-11,32.83433481269516,130.02409751074833,29.85
2022-08-12,32.83433481269516,130.02409751074833,28.05
2022-08-13,32.83433481269516,130.02409751074833,28.85
2022-08-14,32.83433481269516,130.02409751074833,30.04
2022-08-15,32.83433481269516,130.02409751074833,29.54
2022-08-16,32.83433481269516,130.02409751074833,29.46
2022-08-17,32.83433481269516,130.02409751074833,27.52
2022-08-18,32.83433481269516,130.02409751074833,27.11
2022-08-19,32.83433481269516,130.02409751074833,29.19
2022-08-20,32.83433481269516,130.02409751074833,30.08
2022-08-21,32.83433481269516,130.02409751074833,29.59
2022-08-22,32.83433481269516,130.02409751074833,29.19
2022-08-23,32.83433481269516,130.02409751074833,28.79
2022-08-24,32.83433481269516,130.02409751074833,27.57
2022-08-25,32.83433481269516,130.02409751074833,27.61
2022-08-26,32.83433481269516,130.02409751074833,26.59
2022-08-27,32.83433481269516,130.02409751074833,26.73
2022-08-28,32.83433481269516,130.02409751074833,26.69
2022-08-29,32.83433481269516,130.02409751074833,27.61
2022-08-30,32.83433481269516,130.02409751074833,28.66
2022-08-31,32.83433481269516,130.02409751074833,28.93
2022-09-01,32.83433481269516,130.02409751074833,27.25
2022-09-02,32.83433481269516,130.02409751074833,26.12
2022-09-03,32.83433481269516,130.02409751074833,25.91
2022-09-04,32.83433481269516,130.02409751074833,28.46
2022-09-05,32.83433481269516,130.02409751074833,28.53
2022-09-06,32.83433481269516,130.02409751074833,25.38
2022-09-07,32.83433481269516,130.02409751074833,24.3
2022-09-08,32.83433481269516,130.02409751074833,25.32
2022-09-09,32.83433481269516,130.02409751074833,26.17
2022-09-10,32.83433481269516,130.02409751074833,26.71
2022-09-11,32.83433481269516,130.02409751074833,27.79
2022-09-12,32.83433481269516,130.02409751074833,29.06
2022-09-13,32.83433481269516,130.02409751074833,29.77
2022-09-14,32.83433481269516,130.02409751074833,30.27
2022-09-15,32.83433481269516,130.02409751074833,29.65
2022-09-16,32.83433481269516,130.02409751074833,28.74
2022-09-17,32.83433481269516,130.02409751074833,27.59
2022-09-18,32.83433481269516,130.02409751074833,27.08
2022-09-19,32.83433481269516,130.02409751074833,24.71
2022-09-20,32.83433481269516,130.02409751074833,21.72
2022-09-21,32.83433481269516,130.02409751074833,21.66
2022-09-22,32.83433481269516,130.02409751074833,23.6
2022-09-23,32.83433481269516,130.02409751074833,23.39
2022-09-24,32.83433481269516,130.02409751074833,22.98
2022-09-25,32.83433481269516,130.02409751074833,23.89
2022-09-26,32.83433481269516,130.02409751074833,24.82
2022-09-27,32.83433481269516,130.02409751074833,23.19
2022-09-28,32.83433481269516,130.02409751074833,22.94
2022-09-29,32.83433481269516,130.02409751074833,23.08
2022-09-30,32.83433481269516,130.02409751074833,22.92
2022-10-01,32.83433481269516,130.02409751074833,23.01
2022-10-02,32.83433481269516,130.02409751074833,23.99
2022-10-03,32.83433481269516,130.02409751074833,25.21
2022-10-04,32.83433481269516,130.02409751074833,25.67
2022-10-05,32.83433481269516,130.02409751074833,22.55
2022-10-06,32.83433481269516,130.02409751074833,21.25
2022-10-07,32.83433481269516,130.02409751074833,18.93
2022-10-08,32.83433481269516,130.02409751074833,19.63
2022-10-09,32.83433481269516,130.02409751074833,18.59
2022-10-10,32.83433481269516,130.02409751074833,18.41
2022-10-11,32.83433481269516,130.02409751074833,17.07
2022-10-12,32.83433481269516,130.02409751074833,18.1
2022-10-13,32.83433481269516,130.02409751074833,20.06
2022-10-14,32.83433481269516,130.02409751074833,20.92
2022-10-15,32.83433481269516,130.02409751074833,21.21
2022-10-16,32.83433481269516,130.02409751074833,21.39
2022-10-17,32.83433481269516,130.02409751074833,20.06
2022-10-18,32.83433481269516,130.02409751074833,17.23
2022-10-19,32.83433481269516,130.02409751074833,16.17
2022-10-20,32.83433481269516,130.02409751074833,16.57
2022-10-21,32.83433481269516,130.02409751074833,18.77
2022-10-22,32.83433481269516,130.02409751074833,21.65
2022-10-23,32.83433481269516,130.02409751074833,20.61
2022-10-24,32.83433481269516,130.02409751074833,16.7
2022-10-25,32.83433481269516,130.02409751074833,15.59
2022-10-26,32.83433481269516,130.02409751074833,16.22
2022-10-27,32.83433481269516,130.02409751074833,15.86
2022-10-28,32.83433481269516,130.02409751074833,17.44
2022-10-29,32.83433481269516,130.02409751074833,17.42
2022-10-30,32.83433481269516,130.02409751074833,16.47
2022-10-31,32.83433481269516,130.02409751074833,16.81
2022-11-01,32.83433481269516,130.02409751074833,17.55
2022-11-02,32.83433481269516,130.02409751074833,17.16
2022-11-03,32.83433481269516,130.02409751074833,17.37
2022-11-04,32.83433481269516,130.02409751074833,15.56
2022-11-05,32.83433481269516,130.02409751074833,13.56
2022-11-06,32.83433481269516,130.02409751074833,13.8
2022-11-07,32.83433481269516,130.02409751074833,15.34
2022-11-08,32.83433481269516,130.02409751074833,14.99
2022-11-09,32.83433481269516,130.02409751074833,15.22
2022-11-10,32.83433481269516,130.02409751074833,17.13
2022-11-11,32.83433481269516,130.02409751074833,18.11
2022-11-12,32.83433481269516,130.02409751074833,19.65
2022-11-13,32.83433481269516,130.02409751074833,18.64
2022-11-14,32.83433481269516,130.02409751074833,16.14
2022-11-15,32.83433481269516,130.02409751074833,14.3
2022-11-16,32.83433481269516,130.02409751074833,12.95
2022-11-17,32.83433481269516,130.02409751074833,13.94
2022-11-18,32.83433481269516,130.02409751074833,16.03
2022-11-19,32.83433481269516,130.02409751074833,16.11
2022-11-20,32.83433481269516,130.02409751074833,16.87
2022-11-21,32.83433481269516,130.02409751074833,16.2
2022-11-22,32.83433481269516,130.02409751074833,15.65
2022-11-23,32.83433481269516,130.02409751074833,16.24
2022-11-24,32.83433481269516,130.02409751074833,14.7
2022-11-25,32.83433481269516,130.02409751074833,14.84
2022-11-26,32.83433481269516,130.02409751074833,16.7
2022-11-27,32.83433481269516,130.02409751074833,14.85
2022-11-28,32.83433481269516,130.02409751074833,18.65
2022-11-29,32.83433481269516,130.02409751074833,19.67
2022-11-30,32.83433481269516,130.02409751074833,11.23
2022-12-01,32.83433481269516,130.02409751074833,7.54
2022-12-02,32.83433481269516,130.02409751074833,6.74
2022-12-03,32.83433481269516,130.02409751074833,9.38
2022-12-04,32.83433481269516,130.02409751074833,11.72
2022-12-05,32.83433481269516,130.02409751074833,10.46
2022-12-06,32.83433481269516,130.02409751074833,8.05
2022-12-07,32.83433481269516,130.02409751074833,9.1
2022-12-08,32.83433481269516,130.02409751074833,9.09
2022-12-09,32.83433481269516,130.02409751074833,10.08
2022-12-10,32.83433481269516,130.02409751074833,11.42
2022-12-11,32.83433481269516,130.02409751074833,11.06
2022-12-12,32.83433481269516,130.02409751074833,10.86
2022-12-13,32.83433481269516,130.02409751074833,10.75
2022-12-14,32.83433481269516,130.02409751074833,7.33
2022-12-15,32.83433481269516,130.02409751074833,5.84
2022-12-16,32.83433481269516,130.02409751074833,7.76
2022-12-17,32.83433481269516,130.02409751074833,6.17
2022-12-18,32.83433481269516,130.02409751074833,1.82
2022-12-19,32.83433481269516,130.02409751074833,4.1
2022-12-20,32.83433481269516,130.02409751074833,5.91
2022-12-21,32.83433481269516,130.02409751074833,6.88
2022-12-22,32.83433481269516,130.02409751074833,5.36
2022-12-23,32.83433481269516,130.02409751074833,2.12
2022-12-24,32.83433481269516,130.02409751074833,3.05
2022-12-25,32.83433481269516,130.02409751074833,6.3
2022-12-26,32.83433481269516,130.02409751074833,5.98
2022-12-27,32.83433481269516,130.02409751074833,6.1
2022-12-28,32.83433481269516,130.02409751074833,6.6
2022-12-29,32.83433481269516,130.02409751074833,6.24
2022-12-30,32.83433481269516,130.02409751074833,5.7
2022-12-31,32.83433481269516,130.02409751074833,6.24
2023-01-01,32.83433481269516,130.02409751074833,7.2
2023-01-02,32.83433481269516,130.02409751074833,7.11
2023-01-03,32.83433481269516,130.02409751074833,5.28
2023-01-04,32.83433481269516,130.02409751074833,5.5
2023-01-05,32.83433481269516,130.02409751074833,5.85
2023-01-06,32.83433481269516,130.02409751074833,7.04
2023-01-07,32.83433481269516,130.02409751074833,8.29
2023-01-08,32.83433481269516,130.02409751074833,6.6
2023-01-09,32.83433481269516,130.02409751074833,8.91
2023-01-10,32.83433481269516,130.02409751074833,9.41
2023-01-11,32.83433481269516,130.02409751074833,8.66
2023-01-12,32.83433481269516,130.02409751074833,11.29
2023-01-13,32.83433481269516,130.02409751074833,16.19
2023-01-14,32.83433481269516,130.02409751074833,15.96
2023-01-15,32.83433481269516,130.02409751074833,12.26
2023-01-16,32.83433481269516,130.02409751074833,8.0
2023-01-17,32.83433481269516,130.02409751074833,7.04
2023-01-18,32.83433481269516,130.02409751074833,6.64
2023-01-19,32.83433481269516,130.02409751074833,6.68
2023-01-20,32.83433481269516,130.02409751074833,7.15
2023-01-21,32.83433481269516,130.02409751074833,4.94
2023-01-22,32.83433481269516,130.02409751074833,5.03
2023-01-23,32.83433481269516,130.02409751074833,8.72
2023-01-24,32.83433481269516,130.02409751074833,1.46
2023-01-25,32.83433481269516,130.02409751074833,-0.82
2023-01-26,32.83433481269516,130.02409751074833,3.31
2023-01-27,32.83433481269516,130.02409751074833,4.05
2023-01-28,32.83433481269516,130.02409751074833,1.6
2023-01-29,32.83433481269516,130.02409751074833,4.59
2023-01-30,32.83433481269516,130.02409751074833,5.99
2023-01-31,32.83433481269516,130.02409751074833,5.49
2023-02-01,32.83433481269516,130.02409751074833,10.14
2023-02-02,32.83433481269516,130.02409751074833,8.9
2023-02-03,32.83433481269516,130.02409751074833,6.93
2023-02-04,32.83433481269516,130.02409751074833,6.79
2023-02-05,32.83433481269516,130.02409751074833,5.55
2023-02-06,32.83433481269516,130.02409751074833,6.39
2023-02-07,32.83433481269516,130.02409751074833,9.74
2023-02-08,32.83433481269516,130.02409751074833,9.2
2023-02-09,32.83433481269516,130.02409751074833,9.16
2023-02-10,32.83433481269516,130.02409751074833,10.17
2023-02-11,32.83433481269516,130.02409751074833,8.89
2023-02-12,32.83433481269516,130.02409751074833,10.71
2023-02-13,32.83433481269516,130.02409751074833,11.25
2023-02-14,32.83433481269516,130.02409751074833,8.14
2023-02-15,32.83433481269516,130.02409751074833,6.27
2023-02-16,32.83433481269516,130.02409751074833,6.45
2023-02-17,32.83433481269516,130.02409751074833,8.87
2023-02-18,32.83433481269516,130.02409751074833,14.77
2023-02-19,32.83433481269516,130.02409751074833,12.95
2023-02-20,32.83433481269516,130.02409751074833,8.24
2023-02-21,32.83433481269516,130.02409751074833,6.25
2023-02-22,32.83433481269516,130.02409751074833,6.92
2023-02-23,32.83433481269516,130.02409751074833,9.66
2023-02-24,32.83433481269516,130.02409751074833,9.38
2023-02-25,32.83433481269516,130.02409751074833,7.42
2023-02-26,32.83433481269516,130.02409751074833,7.49
2023-02-27,32.83433481269516,130.02409751074833,7.1
2023-02-28,32.83433481269516,130.02409751074833,10.89
2023-03-01,32.83433481269516,130.02409751074833,12.83
2023-03-02,32.83433481269516,130.02409751074833,8.01
2023-03-03,32.83433481269516,130.02409751074833,7.12
2023-03-04,32.83433481269516,130.02409751074833,9.87
2023-03-05,32.83433481269516,130.02409751074833,10.54
2023-03-06,32.83433481269516,130.02409751074833,10.15
2023-03-07,32.83433481269516,130.02409751074833,11.46
2023-03-08,32.83433481269516,130.02409751074833,12.87
2023-03-09,32.83433481269516,130.02409751074833,14.5
2023-03-10,32.83433481269516,130.02409751074833,15.94
2023-03-11,32.83433481269516,130.02409751074833,15.38
2023-03-12,32.83433481269516,130.02409751074833,15.19
2023-03-13,32.83433481269516,130.02409751074833,7.98
2023-03-14,32.83433481269516,130.02409751074833,9.6
2023-03-15,32.83433481269516,130.02409751074833,14.68
2023-03-16,32.83433481269516,130.02409751074833,15.63
2023-03-17,32.83433481269516,130.02409751074833,13.84
2023-03-18,32.83433481269516,130.02409751074833,12.86
2023-03-19,32.83433481269516,130.02409751074833,12.0
2023-03-20,32.83433481269516,130.02409751074833,12.76
2023-03-21,32.83433481269516,130.02409751074833,14.71
2023-03-22,32.83433481269516,130.02409751074833,17.89
2023-03-23,32.83433481269516,130.02409751074833,18.02
2023-03-24,32.83433481269516,130.02409751074833,16.01
2023-03-25,32.83433481269516,130.02409751074833,15.37
2023-03-26,32.83433481269516,130.02409751074833,13.21
2023-03-27,32.83433481269516,130.02409751074833,12.75
2023-03-28,32.83433481269516,130.02409751074833,13.39
2023-03-29,32.83433481269516,130.02409751074833,13.42
2023-03-30,32.83433481269516,130.02409751074833,13.61
2023-03-31,32.83433481269516,130.02409751074833,16.55
2023-04-01,32.83433481269516,130.02409751074833,17.26
2023-04-02,32.83433481269516,130.02409751074833,16.92
2023-04-03,32.83433481269516,130.02409751074833,16.62
2023-04-04,32.83433481269516,130.02409751074833,17.88
2023-04-05,32.83433481269516,130.02409751074833,17.31
2023-04-06,32.83433481269516,130.02409751074833,16.72
2023-04-07,32.83433481269516,130.02409751074833,14.62
2023-04-08,32.83433481269516,130.02409751074833,12.68
2023-04-09,32.83433481269516,130.02409751074833,12.33
2023-04-10,32.83433481269516,130.02409751074833,14.5
2023-04-11,32.83433481269516,130.02409751074833,18.36
2023-04-12,32.83433481269516,130.02409751074833,17.62
2023-04-13,32.83433481269516,130.02409751074833,15.47
2023-04-14,32.83433481269516,130.02409751074833,15.22
2023-04-15,32.83433481269516,130.02409751074833,16.6
2023-04-16,32.83433481269516,130.02409751074833,16.04
2023-04-17,32.83433481269516,130.02409751074833,15.09
2023-04-18,32.83433481269516,130.02409751074833,19.72
2023-04-19,32.83433481269516,130.02409751074833,20.91
2023-04-20,32.83433481269516,130.02409751074833,20.81
2023-04-21,32.83433481269516,130.02409751074833,19.43
2023-04-22,32.83433481269516,130.02409751074833,17.83
2023-04-23,32.83433481269516,130.02409751074833,17.73
2023-04-24,32.83433481269516,130.02409751074833,15.05
2023-04-25,32.83433481269516,130.02409751074833,14.12
2023-04-26,32.83433481269516,130.02409751074833,15.62
2023-04-27,32.83433481269516,130.02409751074833,15.31
2023-04-28,32.83433481269516,130.02409751074833,18.9
2023-04-29,32.83433481269516,130.02409751074833,18.82
2023-04-30,32.83433481269516,130.02409751074833,16.26
2023-05-01,32.83433481269516,130.02409751074833,16.38
2023-05-02,32.83433481269516,130.02409751074833,17.12
2023-05-03,32.83433481269516,130.02409751074833,18.37
2023-05-04,32.83433481269516,130.02409751074833,17.79
2023-05-05,32.83433481269516,130.02409751074833,21.13
2023-05-06,32.83433481269516,130.02409751074833,20.95
2023-05-07,32.83433481269516,130.02409751074833,16.76
2023-05-08,32.83433481269516,130.02409751074833,16.81
2023-05-09,32.83433481269516,130.02409751074833,18.4
2023-05-10,32.83433481269516,130.02409751074833,17.83
2023-05-11,32.83433481269516,130.02409751074833,19.56
2023-05-12,32.83433481269516,130.02409751074833,19.82
2023-05-13,32.83433481269516,130.02409751074833,17.11
2023-05-14,32.83433481269516,130.02409751074833,19.22
2023-05-15,32.83433481269516,130.02409751074833,19.58
2023-05-16,32.83433481269516,130.02409751074833,21.42
2023-05-17,32.83433481269516,130.02409751074833,22.27
2023-05-18,32.83433481269516,130.02409751074833,19.95
2023-05-19,32.83433481269516,130.02409751074833,19.74
2023-05-20,32.83433481269516,130.02409751074833,21.02
2023-05-21,32.83433481269516,130.02409751074833,20.48
2023-05-22,32.83433481269516,130.02409751074833,19.84
2023-05-23,32.83433481269516,130.02409751074833,20.3
2023-05-24,32.83433481269516,130.02409751074833,19.6
2023-05-25,32.83433481269516,130.02409751074833,20.99
2023-05-26,32.83433481269516,130.02409751074833,21.88
2023-05-27,32.83433481269516,130.02409751074833,23.44
2023-05-28,32.83433481269516,130.02409751074833,24.76
2023-05-29,32.83433481269516,130.02409751074833,24.98
2023-05-30,32.83433481269516,130.02409751074833,23.05
2023-05-31,32.83433481269516,130.02409751074833,22.47
2023-06-01,32.83433481269516,130.02409751074833,23.47
2023-06-02,32.83433481269516,130.02409751074833,24.01
2023-06-03,32.83433481269516,130.02409751074833,23.15
2023-06-04,32.83433481269516,130.02409751074833,21.94
2023-06-05,32.83433481269516,130.02409751074833,21.75
2023-06-06,32.83433481269516,130.02409751074833,18.75
2023-06-07,32.83433481269516,130.02409751074833,22.32
2023-06-08,32.83433481269516,130.02409751074833,19.55
2023-06-09,32.83433481269516,130.02409751074833,21.56
2023-06-10,32.83433481269516,130.02409751074833,21.93
2023-06-11,32.83433481269516,130.02409751074833,23.34
2023-06-12,32.83433481269516,130.02409751074833,25.16
2023-06-13,32.83433481269516,130.02409751074833,24.57
2023-06-14,32.83433481269516,130.02409751074833,23.42
2023-06-15,32.83433481269516,130.02409751074833,23.65
2023-06-16,32.83433481269516,130.02409751074833,23.69
2023-06-17,32.83433481269516,130.02409751074833,24.32
2023-06-18,32.83433481269516,130.02409751074833,23.74
2023-06-19,32.83433481269516,130.02409751074833,25.46
2023-06-20,32.83433481269516,130.02409751074833,26.29
2023-06-21,32.83433481269516,130.02409751074833,23.52
2023-06-22,32.83433481269516,130.02409751074833,24.15
2023-06-23,32.83433481269516,130.02409751074833,24.01
2023-06-24,32.83433481269516,130.02409751074833,24.85
2023-06-25,32.83433481269516,130.02409751074833,23.91
2023-06-26,32.83433481269516,130.02409751074833,26.55
2023-06-27,32.83433481269516,130.02409751074833,27.7
2023-06-28,32.83433481269516,130.02409751074833,27.13
2023-06-29,32.83433481269516,130.02409751074833,27.74
2023-06-30,32.83433481269516,130.02409751074833,27.31
2023-07-01,32.83433481269516,130.02409751074833,25.46
2023-07-02,32.83433481269516,130.02409751074833,26.71
2023-07-03,32.83433481269516,130.02409751074833,26.09
2023-07-04,32.83433481269516,130.02409751074833,26.57
2023-07-05,32.83433481269516,130.02409751074833,26.82
2023-07-06,32.83433481269516,130.02409751074833,27.06
2023-07-07,32.83433481269516,130.02409751074833,28.18
2023-07-08,32.83433481269516,130.02409751074833,28.25
2023-07-09,32.83433481269516,130.02409751074833,28.08
2023-07-10,32.83433481269516,130.02409751074833,27.64
2023-07-11,32.83433481269516,130.02409751074833,28.96
2023-07-12,32.83433481269516,130.02409751074833,28.31
2023-07-13,32.83433481269516,130.02409751074833,29.01
2023-07-14,32.83433481269516,130.02409751074833,28.56
2023-07-15,32.83433481269516,130.02409751074833,29.46
2023-07-16,32.83433481269516,130.02409751074833,29.52
2023-07-17,32.83433481269516,130.02409751074833,29.67
2023-07-18,32.83433481269516,130.02409751074833,29.53
2023-07-19,32.83433481269516,130.02409751074833,28.12
2023-07-20,32.83433481269516,130.02409751074833,27.38
2023-07-21,32.83433481269516,130.02409751074833,27.58
2023-07-22,32.83433481269516,130.02409751074833,28.72
2023-07-23,32.83433481269516,130.02409751074833,29.35
2023-07-24,32.83433481269516,130.02409751074833,28.56
2023-07-25,32.83433481269516,130.02409751074833,28.51
2023-07-26,32.83433481269516,130.02409751074833,29.9
2023-07-27,32.83433481269516,130.02409751074833,30.08
2023-07-28,32.83433481269516,130.02409751074833,29.84
2023-07-29,32.83433481269516,130.02409751074833,29.75
2023-07-30,32.83433481269516,130.02409751074833,28.94
2023-07-31,32.83433481269516,130.02409751074833,29.04
2023-08-01,32.83433481269516,130.02409751074833,30.74
2023-08-02,32.83433481269516,130.02409751074833,30.85
2023-08-03,32.83433481269516,130.02409751074833,31.32
2023-08-04,32.83433481269516,130.02409751074833,31.26
2023-08-05,32.83433481269516,130.02409751074833,31.52
2023-08-06,32.83433481269516,130.02409751074833,32.23
2023-08-07,32.83433481269516,130.02409751074833,32.01
2023-08-08,32.83433481269516,130.02409751074833,30.92
2023-08-09,32.83433481269516,130.02409751074833,28.13
2023-08-10,32.83433481269516,130.02409751074833,28.14
2023-08-11,32.83433481269516,130.02409751074833,28.64
2023-08-12,32.83433481269516,130.02409751074833,28.33
2023-08-13,32.83433481269516,130.02409751074833,28.45
2023-08-14,32.83433481269516,130.02409751074833,29.13
2023-08-15,32.83433481269516,130.02409751074833,28.26
2023-08-16,32.83433481269516,130.02409751074833,28.77
2023-08-17,32.83433481269516,130.02409751074833,27.15
2023-08-18,32.83433481269516,130.02409751074833,28.05
2023-08-19,32.83433481269516,130.02409751074833,29.18
2023-08-20,32.83433481269516,130.02409751074833,29.69
2023-08-21,32.83433481269516,130.02409751074833,29.87
2023-08-22,32.83433481269516,130.02409751074833,29.93
2023-08-23,32.83433481269516,130.02409751074833,28.87
2023-08-24,32.83433481269516,130.02409751074833,28.82
2023-08-25,32.83433481269516,130.02409751074833,27.83
2023-08-26,32.83433481269516,130.02409751074833,28.65
2023-08-27,32.83433481269516,130.02409751074833,29.01
2023-08-28,32.83433481269516,130.02409751074833,29.44
2023-08-29,32.83433481269516,130.02409751074833,29.51
2023-08-30,32.83433481269516,130.02409751074833,28.32
2023-08-31,32.83433481269516,130.02409751074833,27.81
2023-09-01,32.83433481269516,130.02409751074833,26.22
2023-09-02,32.83433481269516,130.02409751074833,27.15
2023-09-03,32.83433481269516,130.02409751074833,28.38
2023-09-04,32.83433481269516,130.02409751074833,28.93
2023-09-05,32.83433481269516,130.02409751074833,27.98
2023-09-06,32.83433481269516,130.02409751074833,27.53
2023-09-07,32.83433481269516,130.02409751074833,27.89
2023-09-08,32.83433481269516,130.02409751074833,26.87
2023-09-09,32.83433481269516,130.02409751074833,26.71
2023-09-10,32.83433481269516,130.02409751074833,26.71
2023-09-11,32.83433481269516,130.02409751074833,26.57
2023-09-12,32.83433481269516,130.02409751074833,27.39
2023-09-13,32.83433481269516,130.02409751074833,27.91
2023-09-14,32.83433481269516,130.02409751074833,26.42
2023-09-15,32.83433481269516,130.02409751074833,27.77
2023-09-16,32.83433481269516,130.02409751074833,27.91
2023-09-17,32.83433481269516,130.02409751074833,25.19
2023-09-18,32.83433481269516,130.02409751074833,26.78
2023-09-19,32.83433481269516,130.02409751074833,27.14
2023-09-20,32.83433481269516,130.02409751074833,27.51
2023-09-21,32.83433481269516,130.02409751074833,27.1
2023-09-22,32.83433481269516,130.02409751074833,24.1
2023-09-23,32.83433481269516,130.02409751074833,25.34
2023-09-24,32.83433481269516,130.02409751074833,25.36
2023-09-25,32.83433481269516,130.02409751074833,25.84
2023-09-26,32.83433481269516,130.02409751074833,27.11
2023-09-27,32.83433481269516,130.02409751074833,26.43
2023-09-28,32.83433481269516,130.02409751074833,25.57
2023-09-29,32.83433481269516,130.02409751074833,25.17
2023-09-30,32.83433481269516,130.02409751074833,25.14
2023-10-01,32.83433481269516,130.02409751074833,23.7
2023-10-02,32.83433481269516,130.02409751074833,22.76
2023-10-03,32.83433481269516,130.02409751074833,22.6
2023-10-04,32.83433481269516,130.02409751074833,23.91
2023-10-05,32.83433481269516,130.02409751074833,20.93
2023-10-06,32.83433481269516,130.02409751074833,20.05
2023-10-07,32.83433481269516,130.02409751074833,21.4
2023-10-08,32.83433481269516,130.02409751074833,18.06
2023-10-09,32.83433481269516,130.02409751074833,21.39
2023-10-10,32.83433481269516,130.02409751074833,21.58
2023-10-11,32.83433481269516,130.02409751074833,21.4
2023-10-12,32.83433481269516,130.02409751074833,20.04
2023-10-13,32.83433481269516,130.02409751074833,20.46
2023-10-14,32.83433481269516,130.02409751074833,20.99
2023-10-15,32.83433481269516,130.02409751074833,20.33
2023-10-16,32.83433481269516,130.02409751074833,20.07
2023-10-17,32.83433481269516,130.02409751074833,19.28
2023-10-18,32.83433481269516,130.02409751074833,18.76
2023-10-19,32.83433481269516,130.02409751074833,19.9
2023-10-20,32.83433481269516,130.02409751074833,18.36
2023-10-21,32.83433481269516,130.02409751074833,15.9
2023-10-22,32.83433481269516,130.02409751074833,16.52
2023-10-23,32.83433481269516,130.02409751074833,17.2
2023-10-24,32.83433481269516,130.02409751074833,17.19
2023-10-25,32.83433481269516,130.02409751074833,18.28
2023-10-26,32.83433481269516,130.02409751074833,17.79
2023-10-27,32.83433481269516,130.02409751074833,17.32
2023-10-28,32.83433481269516,130.02409751074833,17.56
2023-10-29,32.83433481269516,130.02409751074833,16.45
2023-10-30,32.83433481269516,130.02409751074833,15.68
2023-10-31,32.83433481269516,130.02409751074833,16.27
2023-11-01,32.83433481269516,130.02409751074833,17.76
2023-11-02,32.83433481269516,130.02409751074833,18.85
2023-11-03,32.83433481269516,130.02409751074833,19.61
2023-11-04,32.83433481269516,130.02409751074833,20.65
2023-11-05,32.83433481269516,130.02409751074833,21.82
2023-11-06,32.83433481269516,130.02409751074833,21.66
2023-11-07,32.83433481269516,130.02409751074833,16.35
2023-11-08,32.83433481269516,130.02409751074833,15.14
2023-11-09,32.83433481269516,130.02409751074833,19.68
2023-11-10,32.83433481269516,130.02409751074833,17.74
2023-11-11,32.83433481269516,130.02409751074833,15.79
2023-11-12,32.83433481269516,130.02409751074833,13.24
2023-11-13,32.83433481269516,130.02409751074833,10.23
2023-11-14,32.83433481269516,130.02409751074833,11.37
2023-11-15,32.83433481269516,130.02409751074833,12.9
2023-11-16,32.83433481269516,130.02409751074833,12.29
2023-11-17,32.83433481269516,130.02409751074833,11.05
2023-11-18,32.83433481269516,130.02409751074833,9.78
2023-11-19,32.83433481269516,130.02409751074833,13.58
2023-11-20,32.83433481269516,130.02409751074833,13.8
2023-11-21,32.83433481269516,130.02409751074833,13.12
2023-11-22,32.83433481269516,130.02409751074833,15.55
2023-11-23,32.83433481269516,130.02409751074833,18.24
2023-11-24,32.83433481269516,130.02409751074833,11.98
2023-11-25,32.83433481269516,130.02409751074833,9.18
2023-11-26,32.83433481269516,130.02409751074833,11.07
2023-11-27,32.83433481269516,130.02409751074833,14.66
2023-11-28,32.83433481269516,130.02409751074833,13.29
2023-11-29,32.83433481269516,130.02409751074833,12.14
2023-11-30,32.83433481269516,130.02409751074833,9.9
2023-12-01,32.83433481269516,130.02409751074833,8.67
2023-12-02,32.83433481269516,130.02409751074833,8.21
2023-12-03,32.83433481269516,130.02409751074833,9.39
2023-12-04,32.83433481269516,130.02409751074833,9.62
2023-12-05,32.83433481269516,130.02409751074833,11.36
2023-12-06,32.83433481269516,130.02409751074833,12.54
2023-12-07,32.83433481269516,130.02409751074833,11.99
2023-12-08,32.83433481269516,130.02409751074833,11.35
2023-12-09,32.83433481269516,130.02409751074833,14.87
2023-12-10,32.83433481269516,130.02409751074833,14.88
2023-12-11,32.83433481269516,130.02409751074833,16.34
2023-12-12,32.83433481269516,130.02409751074833,15.94
2023-12-13,32.83433481269516,130.02409751074833,13.61
2023-12-14,32.83433481269516,130.02409751074833,14.73
2023-12-15,32.83433481269516,130.02409751074833,19.59
2023-12-16,32.83433481269516,130.02409751074833,10.12
2023-12-17,32.83433481269516,130.02409751074833,4.39
2023-12-18,32.83433481269516,130.02409751074833,5.21
2023-12-19,32.83433481269516,130.02409751074833,6.03
2023-12-20,32.83433481269516,130.02409751074833,7.25
2023-12-21,32.83433481269516,130.02409751074833,2.46
2023-12-22,32.83433481269516,130.02409751074833,2.11
2023-12-23,32.83433481269516,130.02409751074833,3.7
2023-12-24,32.83433481269516,130.02409751074833,6.02
2023-12-25,32.83433481269516,130.02409751074833,6.61
2023-12-26,32.83433481269516,130.02409751074833,7.58
2023-12-27,32.83433481269516,130.02409751074833,8.68
2023-12-28,32.83433481269516,130.02409751074833,8.78
2023-12-29,32.83433481269516,130.02409751074833,9.22
2023-12-30,32.83433481269516,130.02409751074833,10.03
2023-12-31,32.83433481269516,130.02409751074833,11.7
2024-01-01,32.83433481269516,130.02409751074833,8.84
2024-01-02,32.83433481269516,130.02409751074833,8.58
2024-01-03,32.83433481269516,130.02409751074833,9.18
2024-01-04,32.83433481269516,130.02409751074833,7.39
2024-01-05,32.83433481269516,130.02409751074833,8.46
2024-01-06,32.83433481269516,130.02409751074833,10.59
2024-01-07,32.83433481269516,130.02409751074833,6.78
2024-01-08,32.83433481269516,130.02409751074833,4.96
2024-01-09,32.83433481269516,130.02409751074833,7.57
2024-01-10,32.83433481269516,130.02409751074833,9.06
2024-01-11,32.83433481269516,130.02409751074833,8.11
2024-01-12,32.83433481269516,130.02409751074833,9.57
2024-01-13,32.83433481269516,130.02409751074833,8.19
2024-01-14,32.83433481269516,130.02409751074833,7.81
2024-01-15,32.83433481269516,130.02409751074833,10.41
2024-01-16,32.83433481269516,130.02409751074833,7.24
2024-01-17,32.83433481269516,130.02409751074833,10.5
2024-01-18,32.83433481269516,130.02409751074833,14.29
2024-01-19,32.83433481269516,130.02409751074833,12.34
2024-01-20,32.83433481269516,130.02409751074833,11.8
2024-01-21,32.83433481269516,130.02409751074833,11.78
2024-01-22,32.83433481269516,130.02409751074833,5.68
2024-01-23,32.83433481269516,130.02409751074833,1.93
2024-01-24,32.83433481269516,130.02409751074833,2.16
2024-01-25,32.83433481269516,130.02409751074833,3.71
2024-01-26,32.83433481269516,130.02409751074833,4.7
2024-01-27,32.83433481269516,130.02409751074833,5.55
2024-01-28,32.83433481269516,130.02409751074833,6.52
2024-01-29,32.83433481269516,130.02409751074833,5.75
2024-01-30,32.83433481269516,130.02409751074833,7.11
2024-01-31,32.83433481269516,130.02409751074833,10.74
2024-02-01,32.83433481269516,130.02409751074833,11.47
2024-02-02,32.83433481269516,130.02409751074833,10.35
2024-02-03,32.83433481269516,130.02409751074833,8.36
2024-02-04,32.83433481269516,130.02409751074833,10.45
2024-02-05,32.83433481269516,130.02409751074833,10.8
2024-02-06,32.83433481269516,130.02409751074833,8.91
2024-02-07,32.83433481269516,130.02409751074833,8.47
2024-02-08,32.83433481269516,130.02409751074833,7.01
2024-02-09,32.83433481269516,130.02409751074833,7.11
2024-02-10,32.83433481269516,130.02409751074833,7.66
2024-02-11,32.83433481269516,130.02409751074833,8.58
2024-02-12,32.83433481269516,130.02409751074833,8.04
2024-02-13,32.83433481269516,130.02409751074833,10.17
2024-02-14,32.83433481269516,130.02409751074833,12.84
2024-02-15,32.83433481269516,130.02409751074833,14.49
2024-02-16,32.83433481269516,130.02409751074833,9.42
2024-02-17,32.83433481269516,130.02409751074833,8.5
2024-02-18,32.83433481269516,130.02409751074833,13.39
2024-02-19,32.83433481269516,130.02409751074833,17.41
2024-02-20,32.83433481269516,130.02409751074833,15.83
2024-02-21,32.83433481269516,130.02409751074833,14.1
2024-02-22,32.83433481269516,130.02409751074833,11.3
2024-02-23,32.83433481269516,130.02409751074833,9.46
2024-02-24,32.83433481269516,130.02409751074833,8.82
2024-02-25,32.83433481269516,130.02409751074833,10.06
2024-02-26,32.83433481269516,130.02409751074833,9.52
2024-02-27,32.83433481269516,130.02409751074833,8.25
2024-02-28,32.83433481269516,130.02409751074833,8.7
2024-02-29,32.83433481269516,130.02409751074833,9.6
2024-03-01,32.83433481269516,130.02409751074833,8.66
2024-03-02,32.83433481269516,130.02409751074833,4.43
2024-03-03,32.83433481269516,130.02409751074833,6.66
2024-03-04,32.83433481269516,130.02409751074833,10.84
2024-03-05,32.83433481269516,130.02409751074833,11.75
2024-03-06,32.83433481269516,130.02409751074833,10.99
2024-03-07,32.83433481269516,130.02409751074833,9.88
2024-03-08,32.83433481269516,130.02409751074833,9.21
2024-03-09,32.83433481269516,130.02409751074833,7.99
2024-03-10,32.83433481269516,130.02409751074833,7.69
2024-03-11,32.83433481269516,130.02409751074833,9.96
2024-03-12,32.83433481269516,130.02409751074833,11.44
2024-03-13,32.83433481269516,130.02409751074833,10.04
2024-03-14,32.83433481269516,130.02409751074833,10.85
2024-03-15,32.83433481269516,130.02409751074833,11.1
2024-03-16,32.83433481269516,130.02409751074833,12.78
2024-03-17,32.83433481269516,130.02409751074833,12.78
2024-03-18,32.83433481269516,130.02409751074833,12.55
2024-03-19,32.83433481269516,130.02409751074833,11.91
2024-03-20,32.83433481269516,130.02409751074833,9.18
2024-03-21,32.83433481269516,130.02409751074833,8.89
2024-03-22,32.83433481269516,130.02409751074833,11.88
2024-03-23,32.83433481269516,130.02409751074833,18.47
2024-03-24,32.83433481269516,130.02409751074833,17.27
2024-03-25,32.83433481269516,130.02409751074833,15.48
2024-03-26,32.83433481269516,130.02409751074833,13.75
2024-03-27,32.83433481269516,130.02409751074833,13.37
2024-03-28,32.83433481269516,130.02409751074833,14.22
2024-03-29,32.83433481269516,130.02409751074833,16.42
2024-03-30,32.83433481269516,130.02409751074833,17.71
2024-03-31,32.83433481269516,130.02409751074833,17.95
2024-04-01,32.83433481269516,130.02409751074833,17.59
2024-04-02,32.83433481269516,130.02409751074833,16.8
2024-04-03,32.83433481269516,130.02409751074833,19.27
2024-04-04,32.83433481269516,130.02409751074833,16.44
2024-04-05,32.83433481269516,130.02409751074833,15.98
2024-04-06,32.83433481269516,130.02409751074833,15.55
2024-04-07,32.83433481269516,130.02409751074833,17.87
2024-04-08,32.83433481269516,130.02409751074833,17.2
2024-04-09,32.83433481269516,130.02409751074833,15.49
2024-04-10,32.83433481269516,130.02409751074833,15.02
2024-04-11,32.83433481269516,130.02409751074833,15.36
2024-04-12,32.83433481269516,130.02409751074833,17.77
2024-04-13,32.83433481269516,130.02409751074833,18.49
2024-04-14,32.83433481269516,130.02409751074833,19.71
2024-04-15,32.83433481269516,130.02409751074833,17.85
2024-04-16,32.83433481269516,130.02409751074833,18.66
2024-04-17,32.83433481269516,130.02409751074833,17.55
2024-04-18,32.83433481269516,130.02409751074833,18.46
2024-04-19,32.83433481269516,130.02409751074833,17.69
2024-04-20,32.83433481269516,130.02409751074833,17.46
2024-04-21,32.83433481269516,130.02409751074833,18.41
2024-04-22,32.83433481269516,130.02409751074833,17.75
2024-04-23,32.83433481269516,130.02409751074833,18.78
2024-04-24,32.83433481269516,130.02409751074833,18.28
2024-04-25,32.83433481269516,130.02409751074833,17.24
2024-04-26,32.83433481269516,130.02409751074833,17.63
2024-04-27,32.83433481269516,130.02409751074833,19.62
2024-04-28,32.83433481269516,130.02409751074833,21.9
2024-04-29,32.83433481269516,130.02409751074833,21.53
2024-04-30,32.83433481269516,130.02409751074833,19.94
2024-05-01,32.83433481269516,130.02409751074833,17.41
2024-05-02,32.83433481269516,130.02409751074833,16.91
2024-05-03,32.83433481269516,130.02409751074833,19.34
2024-05-04,32.83433481269516,130.02409751074833,21.63
2024-05-05,32.83433481269516,130.02409751074833,21.56
2024-05-06,32.83433481269516,130.02409751074833,20.21
2024-05-07,32.83433481269516,130.02409751074833,19.0
2024-05-08,32.83433481269516,130.02409751074833,16.37
2024-05-09,32.83433481269516,130.02409751074833,16.77
2024-05-10,32.83433481269516,130.02409751074833,18.63
2024-05-11,32.83433481269516,130.02409751074833,21.3
2024-05-12,32.83433481269516,130.02409751074833,19.53
2024-05-13,32.83433481269516,130.02409751074833,19.57
2024-05-14,32.83433481269516,130.02409751074833,19.13
2024-05-15,32.83433481269516,130.02409751074833,19.11
2024-05-16,32.83433481269516,130.02409751074833,18.53
2024-05-17,32.83433481269516,130.02409751074833,19.91
2024-05-18,32.83433481269516,130.02409751074833,20.54
2024-05-19,32.83433481269516,130.02409751074833,21.54
2024-05-20,32.83433481269516,130.02409751074833,21.04
2024-05-21,32.83433481269516,130.02409751074833,22.54
2024-05-22,32.83433481269516,130.02409751074833,21.5
2024-05-23,32.83433481269516,130.02409751074833,22.81
2024-05-24,32.83433481269516,130.02409751074833,22.82
2024-05-25,32.83433481269516,130.02409751074833,22.93
2024-05-26,32.83433481269516,130.02409751074833,23.5
2024-05-27,32.83433481269516,130.02409751074833,22.03
2024-05-28,32.83433481269516,130.02409751074833,18.46
2024-05-29,32.83433481269516,130.02409751074833,20.82
2024-05-30,32.83433481269516,130.02409751074833,21.1
2024-05-31,32.83433481269516,130.02409751074833,19.13
2024-06-01,32.83433481269516,130.02409751074833,20.22
2024-06-02,32.83433481269516,130.02409751074833,20.47
2024-06-03,32.83433481269516,130.02409751074833,20.76
2024-06-04,32.83433481269516,130.02409751074833,20.78
2024-06-05,32.83433481269516,130.02409751074833,21.34
2024-06-06,32.83433481269516,130.02409751074833,21.88
2024-06-07,32.83433481269516,130.02409751074833,22.94
2024-06-08,32.83433481269516,130.02409751074833,21.99
2024-06-09,32.83433481269516,130.02409751074833,22.39
2024-06-10,32.83433481269516,130.02409751074833,22.83
2024-06-11,32.83433481269516,130.02409751074833,23.39
2024-06-12,32.83433481269516,130.02409751074833,24.85
2024-06-13,32.83433481269516,130.02409751074833,25.92
2024-06-14,32.83433481269516,130.02409751074833,26.11
2024-06-15,32.83433481269516,130.02409751074833,26.12
2024-06-16,32.83433481269516,130.02409751074833,25.28
2024-06-17,32.83433481269516,130.02409751074833,23.21
2024-06-18,32.83433481269516,130.02409751074833,23.99
2024-06-19,32.83433481269516,130.02409751074833,24.31
2024-06-20,32.83433481269516,130.02409751074833,21.94
2024-06-21,32.83433481269516,130.02409751074833,25.11
2024-06-22,32.83433481269516,130.02409751074833,25.98
2024-06-23,32.83433481269516,130.02409751074833,25.61
2024-06-24,32.83433481269516,130.02409751074833,23.89
2024-06-25,32.83433481269516,130.02409751074833,23.43
2024-06-26,32.83433481269516,130.02409751074833,22.67
2024-06-27,32.83433481269516,130.02409751074833,23.28
2024-06-28,32.83433481269516,130.02409751074833,24.22
2024-06-29,32.83433481269516,130.02409751074833,25.2
2024-06-30,32.83433481269516,130.02409751074833,28.14
2024-07-01,32.83433481269516,130.02409751074833,25.88
2024-07-02,32.83433481269516,130.02409751074833,28.68
2024-07-03,32.83433481269516,130.02409751074833,29.26
2024-07-04,32.83433481269516,130.02409751074833,28.2
2024-07-05,32.83433481269516,130.02409751074833,28.24
2024-07-06,32.83433481269516,130.02409751074833,29.45
2024-07-07,32.83433481269516,130.02409751074833,29.62
2024-07-08,32.83433481269516,130.02409751074833,29.84
2024-07-09,32.83433481269516,130.02409751074833,29.71
2024-07-10,32.83433481269516,130.02409751074833,28.97
2024-07-11,32.83433481269516,130.02409751074833,25.66
2024-07-12,32.83433481269516,130.02409751074833,25.41
2024-07-13,32.83433481269516,130.02409751074833,25.95
2024-07-14,32.83433481269516,130.02409751074833,24.31
2024-07-15,32.83433481269516,130.02409751074833,24.76
2024-07-16,32.83433481269516,130.02409751074833,27.09
2024-07-17,32.83433481269516,130.02409751074833,28.43
2024-07-18,32.83433481269516,130.02409751074833,29.3
2024-07-19,32.83433481269516,130.02409751074833,30.37
2024-07-20,32.83433481269516,130.02409751074833,30.78
2024-07-21,32.83433481269516,130.02409751074833,30.31
2024-07-22,32.83433481269516,130.02409751074833,30.21
2024-07-23,32.83433481269516,130.02409751074833,30.6
2024-07-24,32.83433481269516,130.02409751074833,30.57
2024-07-25,32.83433481269516,130.02409751074833,30.21
2024-07-26,32.83433481269516,130.02409751074833,29.94
2024-07-27,32.83433481269516,130.02409751074833,30.73
2024-07-28,32.83433481269516,130.02409751074833,30.39
2024-07-29,32.83433481269516,130.02409751074833,29.98
2024-07-30,32.83433481269516,130.02409751074833,30.23
2024-07-31,32.83433481269516,130.02409751074833,30.5
2024-08-01,32.83433481269516,130.02409751074833,30.82
2024-08-02,32.83433481269516,130.02409751074833,31.01
2024-08-03,32.83433481269516,130.02409751074833,31.28
2024-08-04,32.83433481269516,130.02409751074833,32.0
2024-08-05,32.83433481269516,130.02409751074833,31.15
2024-08-06,32.83433481269516,130.02409751074833,30.83
2024-08-07,32.83433481269516,130.02409751074833,30.96
2024-08-08,32.83433481269516,130.02409751074833,31.34
2024-08-09,32.83433481269516,130.02409751074833,30.86
2024-08-10,32.83433481269516,130.02409751074833,30.89
2024-08-11,32.83433481269516,130.02409751074833,30.31
2024-08-12,32.83433481269516,130.02409751074833,29.86
2024-08-13,32.83433481269516,130.02409751074833,30.43
2024-08-14,32.83433481269516,130.02409751074833,29.5
2024-08-15,32.83433481269516,130.02409751074833,29.79
2024-08-16,32.83433481269516,130.02409751074833,30.49
2024-08-17,32.83433481269516,130.02409751074833,30.43
2024-08-18,32.83433481269516,130.02409751074833,30.35
2024-08-19,32.83433481269516,130.02409751074833,29.12
2024-08-20,32.83433481269516,130.02409751074833,30.72
2024-08-21,32.83433481269516,130.02409751074833,30.6
2024-08-22,32.83433481269516,130.02409751074833,30.55
2024-08-23,32.83433481269516,130.02409751074833,30.44
2024-08-24,32.83433481269516,130.02409751074833,30.04
2024-08-25,32.83433481269516,130.02409751074833,29.46
2024-08-26,32.83433481269516,130.02409751074833,30.33
2024-08-27,32.83433481269516,130.02409751074833,30.99
2024-08-28,32.83433481269516,130.02409751074833,29.05
2024-08-29,32.83433481269516,130.02409751074833,26.35
2024-08-30,32.83433481269516,130.02409751074833,26.67
2024-08-31,32.83433481269516,130.02409751074833,28.35
2024-09-01,32.83433481269516,130.02409751074833,27.04
2024-09-02,32.83433481269516,130.02409751074833,27.3
2024-09-03,32.83433481269516,130.02409751074833,27.87
2024-09-04,32.83433481269516,130.02409751074833,28.16
2024-09-05,32.83433481269516,130.02409751074833,28.32
2024-09-06,32.83433481269516,130.02409751074833,28.56
2024-09-07,32.83433481269516,130.02409751074833,28.83
2024-09-08,32.83433481269516,130.02409751074833,29.32
2024-09-09,32.83433481269516,130.02409751074833,30.08
2024-09-10,32.83433481269516,130.02409751074833,30.15
2024-09-11,32.83433481269516,130.02409751074833,30.39
2024-09-12,32.83433481269516,130.02409751074833,29.74
2024-09-13,32.83433481269516,130.02409751074833,29.85
2024-09-14,32.83433481269516,130.02409751074833,30.19
2024-09-15,32.83433481269516,130.02409751074833,31.21
2024-09-16,32.83433481269516,130.02409751074833,30.3
2024-09-17,32.83433481269516,130.02409751074833,30.29
2024-09-18,32.83433481269516,130.02409751074833,31.01
2024-09-19,32.83433481269516,130.02409751074833,31.45
2024-09-20,32.83433481269516,130.02409751074833,30.02
2024-09-21,32.83433481269516,130.02409751074833,29.01
2024-09-22,32.83433481269516,130.02409751074833,27.06
2024-09-23,32.83433481269516,130.02409751074833,25.26
2024-09-24,32.83433481269516,130.02409751074833,25.3
2024-09-25,32.83433481269516,130.02409751074833,26.06
2024-09-26,32.83433481269516,130.02409751074833,27.09
2024-09-27,32.83433481269516,130.02409751074833,26.9
2024-09-28,32.83433481269516,130.02409751074833,27.38
2024-09-29,32.83433481269516,130.02409751074833,26.91
2024-09-30,32.83433481269516,130.02409751074833,26.4
2024-10-01,32.83433481269516,130.02409751074833,25.86
2024-10-02,32.83433481269516,130.02409751074833,20.96
2024-10-03,32.83433481269516,130.02409751074833,21.5
2024-10-04,32.83433481269516,130.02409751074833,23.25
2024-10-05,32.83433481269516,130.02409751074833,24.02
2024-10-06,32.83433481269516,130.02409751074833,25.35
2024-10-07,32.83433481269516,130.02409751074833,22.59
2024-10-08,32.83433481269516,130.02409751074833,21.86
2024-10-09,32.83433481269516,130.02409751074833,22.16
2024-10-10,32.83433481269516,130.02409751074833,21.47
2024-10-11,32.83433481269516,130.02409751074833,21.66
2024-10-12,32.83433481269516,130.02409751074833,20.93
2024-10-13,32.83433481269516,130.02409751074833,21.4
2024-10-14,32.83433481269516,130.02409751074833,23.55
2024-10-15,32.83433481269516,130.02409751074833,24.24
2024-10-16,32.83433481269516,130.02409751074833,25.32
2024-10-17,32.83433481269516,130.02409751074833,24.39
2024-10-18,32.83433481269516,130.02409751074833,26.3
2024-10-19,32.83433481269516,130.02409751074833,24.48
2024-10-20,32.83433481269516,130.02409751074833,19.83
2024-10-21,32.83433481269516,130.02409751074833,23.34
2024-10-22,32.83433481269516,130.02409751074833,24.15
2024-10-23,32.83433481269516,130.02409751074833,20.77
2024-10-24,32.83433481269516,130.02409751074833,19.0
2024-10-25,32.83433481269516,130.02409751074833,21.34
2024-10-26,32.83433481269516,130.02409751074833,21.81
2024-10-27,32.83433481269516,130.02409751074833,22.37
2024-10-28,32.83433481269516,130.02409751074833,20.64
2024-10-29,32.83433481269516,130.02409751074833,20.6
2024-10-30,32.83433481269516,130.02409751074833,20.64
2024-10-31,32.83433481269516,130.02409751074833,19.46
2024-11-01,32.83433481269516,130.02409751074833,20.27
2024-11-02,32.83433481269516,130.02409751074833,22.29
2024-11-03,32.83433481269516,130.02409751074833,19.97
2024-11-04,32.83433481269516,130.02409751074833,18.96
2024-11-05,32.83433481269516,130.02409751074833,18.45
2024-11-06,32.83433481269516,130.02409751074833,15.7
2024-11-07,32.83433481269516,130.02409751074833,15.48
2024-11-08,32.83433481269516,130.02409751074833,16.76
2024-11-09,32.83433481269516,130.02409751074833,18.85
2024-11-10,32.83433481269516,130.02409751074833,18.5
2024-11-11,32.83433481269516,130.02409751074833,19.19
2024-11-12,32.83433481269516,130.02409751074833,18.0
2024-11-13,32.83433481269516,130.02409751074833,18.09
2024-11-14,32.83433481269516,130.02409751074833,18.82
2024-11-15,32.83433481269516,130.02409751074833,19.66
2024-11-16,32.83433481269516,130.02409751074833,19.66
2024-11-17,32.83433481269516,130.02409751074833,19.85
2024-11-18,32.83433481269516,130.02409751074833,15.47
2024-11-19,32.83433481269516,130.02409751074833,12.66
2024-11-20,32.83433481269516,130.02409751074833,13.91
2024-11-21,32.83433481269516,130.02409751074833,15.08
2024-11-22,32.83433481269516,130.02409751074833,14.03
2024-11-23,32.83433481269516,130.02409751074833,12.53
2024-11-24,32.83433481269516,130.02409751074833,12.22
2024-11-25,32.83433481269516,130.02409751074833,12.67
2024-11-26,32.83433481269516,130.02409751074833,14.5
2024-11-27,32.83433481269516,130.02409751074833,11.77
2024-11-28,32.83433481269516,130.02409751074833,10.52
2024-11-29,32.83433481269516,130.02409751074833,10.17
2024-11-30,32.83433481269516,130.02409751074833,11.33
2024-12-01,32.83433481269516,130.02409751074833,11.17
2024-12-02,32.83433481269516,130.02409751074833,13.65
2024-12-03,32.83433481269516,130.02409751074833,12.97
2024-12-04,32.83433481269516,130.02409751074833,10.26
2024-12-05,32.83433481269516,130.02409751074833,11.18
2024-12-06,32.83433481269516,130.02409751074833,11.64
2024-12-07,32.83433481269516,130.02409751074833,9.78
2024-12-08,32.83433481269516,130.02409751074833,7.97
2024-12-09,32.83433481269516,130.02409751074833,7.55
2024-12-10,32.83433481269516,130.02409751074833,8.91
2024-12-11,32.83433481269516,130.02409751074833,8.75
2024-12-12,32.83433481269516,130.02409751074833,9.64
2024-12-13,32.83433481269516,130.02409751074833,7.96
2024-12-14,32.83433481269516,130.02409751074833,7.84
2024-12-15,32.83433481269516,130.02409751074833,8.08
2024-12-16,32.83433481269516,130.02409751074833,8.75
2024-12-17,32.83433481269516,130.02409751074833,8.16
2024-12-18,32.83433481269516,130.02409751074833,7.53
2024-12-19,32.83433481269516,130.02409751074833,6.28
2024-12-20,32.83433481269516,130.02409751074833,6.99
2024-12-21,32.83433481269516,130.02409751074833,8.49
2024-12-22,32.83433481269516,130.02409751074833,6.01
2024-12-23,32.83433481269516,130.02409751074833,5.73
2024-12-24,32.83433481269516,130.02409751074833,7.39
2024-12-25,32.83433481269516,130.02409751074833,7.92
2024-12-26,32.83433481269516,130.02409751074833,10.13
2024-12-27,32.83433481269516,130.02409751074833,7.63
2024-12-28,32.83433481269516,130.02409751074833,6.41
2024-12-29,32.83433481269516,130.02409751074833,7.03
2024-12-30,32.83433481269516,130.02409751074833,9.26
2024-12-31,32.83433481269516,130.02409751074833,9.19
2025-01-01,32.83433481269516,130.02409751074833,6.15
2025-01-02,32.83433481269516,130.02409751074833,7.48
2025-01-03,32.83433481269516,130.02409751074833,5.74
2025-01-04,32.83433481269516,130.02409751074833,4.76
2025-01-05,32.83433481269516,130.02409751074833,6.48
2025-01-06,32.83433481269516,130.02409751074833,9.05
2025-01-07,32.83433481269516,130.02409751074833,5.75
2025-01-08,32.83433481269516,130.02409751074833,6.79
2025-01-09,32.83433481269516,130.02409751074833,4.18
2025-01-10,32.83433481269516,130.02409751074833,1.43
2025-01-11,32.83433481269516,130.02409751074833,3.85
2025-01-12,32.83433481269516,130.02409751074833,4.22
2025-01-13,32.83433481269516,130.02409751074833,5.95
2025-01-14,32.83433481269516,130.02409751074833,7.42
2025-01-15,32.83433481269516,130.02409751074833,6.19
2025-01-16,32.83433481269516,130.02409751074833,4.95
2025-01-17,32.83433481269516,130.02409751074833,6.67
2025-01-18,32.83433481269516,130.02409751074833,6.41
2025-01-19,32.83433481269516,130.02409751074833,7.92
2025-01-20,32.83433481269516,130.02409751074833,8.27
2025-01-21,32.83433481269516,130.02409751074833,7.96
2025-01-22,32.83433481269516,130.02409751074833,7.36
2025-01-23,32.83433481269516,130.02409751074833,8.78
2025-01-24,32.83433481269516,130.02409751074833,9.84
2025-01-25,32.83433481269516,130.02409751074833,9.58
2025-01-26,32.83433481269516,130.02409751074833,8.67
2025-01-27,32.83433481269516,130.02409751074833,7.2
2025-01-28,32.83433481269516,130.02409751074833,4.79
2025-01-29,32.83433481269516,130.02409751074833,5.24
2025-01-30,32.83433481269516,130.02409751074833,4.33
2025-01-31,32.83433481269516,130.02409751074833,6.05
2025-02-01,32.83433481269516,130.02409751074833,8.39
2025-02-02,32.83433481269516,130.02409751074833,9.44
2025-02-03,32.83433481269516,130.02409751074833,6.57
2025-02-04,32.83433481269516,130.02409751074833,1.42
2025-02-05,32.83433481269516,130.02409751074833,1.98
2025-02-06,32.83433481269516,130.02409751074833,2.63
2025-02-07,32.83433481269516,130.02409751074833,1.86
2025-02-08,32.83433481269516,130.02409751074833,1.41
2025-02-09,32.83433481269516,130.02409751074833,2.3
2025-02-10,32.83433481269516,130.02409751074833,4.5
2025-02-11,32.83433481269516,130.02409751074833,4.56
2025-02-12,32.83433481269516,130.02409751074833,9.94
2025-02-13,32.83433481269516,130.02409751074833,5.6
2025-02-14,32.83433481269516,130.02409751074833,5.68
2025-02-15,32.83433481269516,130.02409751074833,7.24
2025-02-16,32.83433481269516,130.02409751074833,8.83
2025-02-17,32.83433481269516,130.02409751074833,7.26
2025-02-18,32.83433481269516,130.02409751074833,5.01
2025-02-19,32.83433481269516,130.02409751074833,4.57
2025-02-20,32.83433481269516,130.02409751074833,4.12
2025-02-21,32.83433481269516,130.02409751074833,4.49
2025-02-22,32.83433481269516,130.02409751074833,3.16
2025-02-23,32.83433481269516,130.02409751074833,3.21
2025-02-24,32.83433481269516,130.02409751074833,3.16
2025-02-25,32.83433481269516,130.02409751074833,5.71
2025-02-26,32.83433481269516,130.02409751074833,8.75
2025-02-27,32.83433481269516,130.02409751074833,8.46
2025-02-28,32.83433481269516,130.02409751074833,11.54
2025-03-01,32.83433481269516,130.02409751074833,14.63
2025-03-02,32.83433481269516,130.02409751074833,18.7
2025-03-03,32.83433481269516,130.02409751074833,13.05
2025-03-04,32.83433481269516,130.02409751074833,9.57
2025-03-05,32.83433481269516,130.02409751074833,10.41
2025-03-06,32.83433481269516,130.02409751074833,8.32
2025-03-07,32.83433481269516,130.02409751074833,7.99
2025-03-08,32.83433481269516,130.02409751074833,8.35
2025-03-09,32.83433481269516,130.02409751074833,9.13
2025-03-10,32.83433481269516,130.02409751074833,10.15
2025-03-11,32.83433481269516,130.02409751074833,13.02
2025-03-12,32.83433481269516,130.02409751074833,13.55
2025-03-13,32.83433481269516,130.02409751074833,12.83
2025-03-14,32.83433481269516,130.02409751074833,14.09
2025-03-15,32.83433481269516,130.02409751074833,10.44
2025-03-16,32.83433481269516,130.02409751074833,9.0
2025-03-17,32.83433481269516,130.02409751074833,6.02
2025-03-18,32.83433481269516,130.02409751074833,5.2
2025-03-19,32.83433481269516,130.02409751074833,5.7
2025-03-20,32.83433481269516,130.02409751074833,8.72
2025-03-21,32.83433481269516,130.02409751074833,13.32
2025-03-22,32.83433481269516,130.02409751074833,15.62
2025-03-23,32.83433481269516,130.02409751074833,15.88
2025-03-24,32.83433481269516,130.02409751074833,17.23
2025-03-25,32.83433481269516,130.02409751074833,18.27
2025-03-26,32.83433481269516,130.02409751074833,20.05
2025-03-27,32.83433481269516,130.02409751074833,19.84
2025-03-28,32.83433481269516,130.02409751074833,13.18
2025-03-29,32.83433481269516,130.02409751074833,11.02
2025-03-30,32.83433481269516,130.02409751074833,7.53
2025-03-31,32.83433481269516,130.02409751074833,8.02
2025-04-01,32.83433481269516,130.02409751074833,9.94
2025-04-02,32.83433481269516,130.02409751074833,12.42
2025-04-03,32.83433481269516,130.02409751074833,11.38
2025-04-04,32.83433481269516,130.02409751074833,11.25
2025-04-05,32.83433481269516,130.02409751074833,14.05
2025-04-06,32.83433481269516,130.02409751074833,13.75
2025-04-07,32.83433481269516,130.02409751074833,13.61
2025-04-08,32.83433481269516,130.02409751074833,16.31
2025-04-09,32.83433481269516,130.02409751074833,17.2
2025-04-10,32.83433481269516,130.02409751074833,17.93
2025-04-11,32.83433481269516,130.02409751074833,15.75
2025-04-12,32.83433481269516,130.02409751074833,15.21
2025-04-13,32.83433481269516,130.02409751074833,13.11
2025-04-14,32.83433481269516,130.02409751074833,13.28
2025-04-15,32.83433481269516,130.02409751074833,11.79
2025-04-16,32.83433481269516,130.02409751074833,15.75
2025-04-17,32.83433481269516,130.02409751074833,19.72
2025-04-18,32.83433481269516,130.02409751074833,20.45
2025-04-19,32.83433481269516,130.02409751074833,20.28
2025-04-20,32.83433481269516,130.02409751074833,19.39
2025-04-21,32.83433481269516,130.02409751074833,20.43
2025-04-22,32.83433481269516,130.02409751074833,19.26
2025-04-23,32.83433481269516,130.02409751074833,16.98
2025-04-24,32.83433481269516,130.02409751074833,16.58
2025-04-25,32.83433481269516,130.02409751074833,16.59
2025-04-26,32.83433481269516,130.02409751074833,15.81
2025-04-27,32.83433481269516,130.02409751074833,18.42
2025-04-28,32.83433481269516,130.02409751074833,16.53
2025-04-29,32.83433481269516,130.02409751074833,16.52
2025-04-30,32.83433481269516,130.02409751074833,17.46
2025-05-01,32.83433481269516,130.02409751074833,19.13
2025-05-02,32.83433481269516,130.02409751074833,16.85
2025-05-03,32.83433481269516,130.02409751074833,18.04
2025-05-04,32.83433481269516,130.02409751074833,17.39
2025-05-05,32.83433481269516,130.02409751074833,16.77
2025-05-06,32.83433481269516,130.02409751074833,16.72
2025-05-07,32.83433481269516,130.02409751074833,17.6
2025-05-08,32.83433481269516,130.02409751074833,18.57
2025-05-09,32.83433481269516,130.02409751074833,19.35
2025-05-10,32.83433481269516,130.02409751074833,18.64
2025-05-11,32.83433481269516,130.02409751074833,16.2
2025-05-12,32.83433481269516,130.02409751074833,17.87
2025-05-13,32.83433481269516,130.02409751074833,18.4
2025-05-14,32.83433481269516,130.02409751074833,20.21
2025-05-15,32.83433481269516,130.02409751074833,22.01
2025-05-16,32.83433481269516,130.02409751074833,22.6
2025-05-17,32.83433481269516,130.02409751074833,21.87
2025-05-18,32.83433481269516,130.02409751074833,19.9
2025-05-19,32.83433481269516,130.02409751074833,21.27
2025-05-20,32.83433481269516,130.02409751074833,23.99
2025-05-21,32.83433481269516,130.02409751074833,22.5
2025-05-22,32.83433481269516,130.02409751074833,21.29
2025-05-23,32.83433481269516,130.02409751074833,21.44
2025-05-24,32.83433481269516,130.02409751074833,20.36
2025-05-25,32.83433481269516,130.02409751074833,17.85
2025-05-26,32.83433481269516,130.02409751074833,18.58
2025-05-27,32.83433481269516,130.02409751074833,19.92
2025-05-28,32.83433481269516,130.02409751074833,20.78
2025-05-29,32.83433481269516,130.02409751074833,20.95
2025-05-30,32.83433481269516,130.02409751074833,20.01
2025-05-31,32.83433481269516,130.02409751074833,20.75
2025-06-01,32.83433481269516,130.02409751074833,21.15
2025-06-02,32.83433481269516,130.02409751074833,19.4
2025-06-03,32.83433481269516,130.02409751074833,20.52
2025-06-04,32.83433481269516,130.02409751074833,21.71
2025-06-05,32.83433481269516,130.02409751074833,21.5
2025-06-06,32.83433481269516,130.02409751074833,21.93
2025-06-07,32.83433481269516,130.02409751074833,23.09
2025-06-08,32.83433481269516,130.02409751074833,22.21
2025-06-09,32.83433481269516,130.02409751074833,21.37
2025-06-10,32.83433481269516,130.02409751074833,23.31
2025-06-11,32.83433481269516,130.02409751074833,21.96
2025-06-12,32.83433481269516,130.02409751074833,21.61
2025-06-13,32.83433481269516,130.02409751074833,25.42
2025-06-14,32.83433481269516,130.02409751074833,25.84
2025-06-15,32.83433481269516,130.02409751074833,24.9
2025-06-16,32.83433481269516,130.02409751074833,26.28
2025-06-17,32.83433481269516,130.02409751074833,25.97
2025-06-18,32.83433481269516,130.02409751074833,26.51
2025-06-19,32.83433481269516,130.02409751074833,26.74
2025-06-20,32.83433481269516,130.02409751074833,27.42
2025-06-21,32.83433481269516,130.02409751074833,28.26
2025-06-22,32.83433481269516,130.02409751074833,27.0
2025-06-23,32.83433481269516,130.02409751074833,25.12
2025-06-24,32.83433481269516,130.02409751074833,25.53
2025-06-25,32.83433481269516,130.02409751074833,26.2
2025-06-26,32.83433481269516,130.02409751074833,25.51
2025-06-27,32.83433481269516,130.02409751074833,27.17
2025-06-28,32.83433481269516,130.02409751074833,27.94
2025-06-29,32.83433481269516,130.02409751074833,28.29
2025-06-30,32.83433481269516,130.02409751074833,28.59
2025-07-01,32.83433481269516,130.02409751074833,29.26
2025-07-02,32.83433481269516,130.02409751074833,29.35
2025-07-03,32.83433481269516,130.02409751074833,29.57
2025-07-04,32.83433481269516,130.02409751074833,29.54
2025-07-05,32.83433481269516,130.02409751074833,29.43
2025-07-06,32.83433481269516,130.02409751074833,29.61
2025-07-07,32.83433481269516,130.02409751074833,29.47
2025-07-08,32.83433481269516,130.02409751074833,29.67
2025-07-09,32.83433481269516,130.02409751074833,29.02
2025-07-10,32.83433481269516,130.02409751074833,29.34
2025-07-11,32.83433481269516,130.02409751074833,29.25
2025-07-12,32.83433481269516,130.02409751074833,29.12
2025-07-13,32.83433481269516,130.02409751074833,29.02
2025-07-14,32.83433481269516,130.02409751074833,26.52
2025-07-15,32.83433481269516,130.02409751074833,27.17
2025-07-16,32.83433481269516,130.02409751074833,28.09
2025-07-17,32.83433481269516,130.02409751074833,29.57
2025-07-18,32.83433481269516,130.02409751074833,26.27
2025-07-19,32.83433481269516,130.02409751074833,28.54
2025-07-20,32.83433481269516,130.02409751074833,29.28
2025-07-21,32.83433481269516,130.02409751074833,29.87
2025-07-22,32.83433481269516,130.02409751074833,30.04
2025-07-23,32.83433481269516,130.02409751074833,30.14
2025-07-24,32.83433481269516,130.02409751074833,30.86
2025-07-25,32.83433481269516,130.02409751074833,31.42
2025-07-26,32.83433481269516,130.02409751074833,31.17
2025-07-27,32.83433481269516,130.02409751074833,31.04
2025-07-28,32.83433481269516,130.02409751074833,30.52
2025-07-29,32.83433481269516,130.02409751074833,30.1
2025-07-30,32.83433481269516,130.02409751074833,29.83
2025-07-31,32.83433481269516,130.02409751074833,30.33
2025-08-01,32.83433481269516,130.02409751074833,30.23
2025-08-02,32.83433481269516,130.02409751074833,29.72
2025-08-03,32.83433481269516,130.02409751074833,29.82
2025-08-04,32.83433481269516,130.02409751074833,29.49
2025-08-05,32.83433481269516,130.02409751074833,30.14
2025-08-06,32.83433481269516,130.02409751074833,30.33
2025-08-07,32.83433481269516,130.02409751074833,28.97
2025-08-08,32.83433481269516,130.02409751074833,27.31
2025-08-09,32.83433481269516,130.02409751074833,27.91
2025-08-10,32.83433481269516,130.02409751074833,28.92
2025-08-11,32.83433481269516,130.02409751074833,27.6
2025-08-12,32.83433481269516,130.02409751074833,29.63
2025-08-13,32.83433481269516,130.02409751074833,29.5
2025-08-14,32.83433481269516,130.02409751074833,29.38
2025-08-15,32.83433481269516,130.02409751074833,30.2
2025-08-16,32.83433481269516,130.02409751074833,30.02
2025-08-17,32.83433481269516,130.02409751074833,29.33
2025-08-18,32.83433481269516,130.02409751074833,29.35
2025-08-19,32.83433481269516,130.02409751074833,29.63
2025-08-20,32.83433481269516,130.02409751074833,28.9
2025-08-21,32.83433481269516,130.02409751074833,29.39
2025-08-22,32.83433481269516,130.02409751074833,29.16
2025-08-23,32.83433481269516,130.02409751074833,29.53
2025-08-24,32.83433481269516,130.02409751074833,29.56
2025-08-25,32.83433481269516,130.02409751074833,29.75
2025-08-26,32.83433481269516,130.02409751074833,29.18
2025-08-27,32.83433481269516,130.02409751074833,28.9
2025-08-28,32.83433481269516,130.02409751074833,29.19
2025-08-29,32.83433481269516,130.02409751074833,29.72
2025-08-30,32.83433481269516,130.02409751074833,29.82
2025-08-31,32.83433481269516,130.02409751074833,29.57
2025-09-01,32.83433481269516,130.02409751074833,29.31
2025-09-02,32.83433481269516,130.02409751074833,27.55
2025-09-03,32.83433481269516,130.02409751074833,29.46
2025-09-04,32.83433481269516,130.02409751074833,28.28
2025-09-05,32.83433481269516,130.02409751074833,29.06
2025-09-06,32.83433481269516,130.02409751074833,29.18
2025-09-07,32.83433481269516,130.02409751074833,29.59
2025-09-08,32.83433481269516,130.02409751074833,29.8
2025-09-09,32.83433481269516,130.02409751074833,29.72
2025-09-10,32.83433481269516,130.02409751074833,26.54
2025-09-11,32.83433481269516,130.02409751074833,28.21
2025-09-12,32.83433481269516,130.02409751074833,27.83
2025-09-13,32.83433481269516,130.02409751074833,28.68
2025-09-14,32.83433481269516,130.02409751074833,28.81
2025-09-15,32.83433481269516,130.02409751074833,28.87
2025-09-16,32.83433481269516,130.02409751074833,28.94
2025-09-17,32.83433481269516,130.02409751074833,27.58
2025-09-18,32.83433481269516,130.02409751074833,27.18
2025-09-19,32.83433481269516,130.02409751074833,27.21
2025-09-20,32.83433481269516,130.02409751074833,26.9
2025-09-21,32.83433481269516,130.02409751074833,26.14
2025-09-22,32.83433481269516,130.02409751074833,25.34
2025-09-23,32.83433481269516,130.02409751074833,27.02
2025-09-24,32.83433481269516,130.02409751074833,27.49
2025-09-25,32.83433481269516,130.02409751074833,27.66
2025-09-26,32.83433481269516,130.02409751074833,27.38
2025-09-27,32.83433481269516,130.02409751074833,24.98
2025-09-28,32.83433481269516,130.02409751074833,25.84
2025-09-29,32.83433481269516,130.02409751074833,25.57
2025-09-30,32.83433481269516,130.02409751074833,23.99
2025-10-01,32.83433481269516,130.02409751074833,23.98
2025-10-02,32.83433481269516,130.02409751074833,24.58
2025-10-03,32.83433481269516,130.02409751074833,23.0
2025-10-04,32.83433481269516,130.02409751074833,25.91
2025-10-05,32.83433481269516,130.02409751074833,26.02
2025-10-06,32.83433481269516,130.02409751074833,25.68
2025-10-07,32.83433481269516,130.02409751074833,25.81
2025-10-08,32.83433481269516,130.02409751074833,26.39
2025-10-09,32.83433481269516,130.02409751074833,25.29
2025-10-10,32.83433481269516,130.02409751074833,24.37
2025-10-11,32.83433481269516,130.02409751074833,25.52
2025-10-12,32.83433481269516,130.02409751074833,26.25
2025-10-13,32.83433481269516,130.02409751074833,25.39
2025-10-14,32.83433481269516,130.02409751074833,24.97
2025-10-15,32.83433481269516,130.02409751074833,25.13
2025-10-16,32.83433481269516,130.02409751074833,26.17
2025-10-17,32.83433481269516,130.02409751074833,25.26
2025-10-18,32.83433481269516,130.02409751074833,24.28
2025-10-19,32.83433481269516,130.02409751074833,23.58
2025-10-20,32.83433481269516,130.02409751074833,22.29
2025-10-21,32.83433481269516,130.02409751074833,20.89
2025-10-22,32.83433481269516,130.02409751074833,18.28
2025-10-23,32.83433481269516,130.02409751074833,20.08
2025-10-24,32.83433481269516,130.02409751074833,20.97
2025-10-25,32.83433481269516,130.02409751074833,20.04
2025-10-26,32.83433481269516,130.02409751074833,19.72
2025-10-27,32.83433481269516,130.02409751074833,17.54
2025-10-28,32.83433481269516,130.02409751074833,14.54
2025-10-29,32.83433481269516,130.02409751074833,15.16
2025-10-30,32.83433481269516,130.02409751074833,17.03
2025-10-31,32.83433481269516,130.02409751074833,16.85
2025-11-01,32.83433481269516,130.02409751074833,18.0
2025-11-02,32.83433481269516,130.02409751074833,17.6
2025-11-03,32.83433481269516,130.02409751074833,15.16
2025-11-04,32.83433481269516,130.02409751074833,15.66
2025-11-05,32.83433481269516,130.02409751074833,18.08
2025-11-06,32.83433481269516,130.02409751074833,18.2
2025-11-07,32.83433481269516,130.02409751074833,17.02
2025-11-08,32.83433481269516,130.02409751074833,18.7
2025-11-09,32.83433481269516,130.02409751074833,19.81
2025-11-10,32.83433481269516,130.02409751074833,16.28
2025-11-11,32.83433481269516,130.02409751074833,13.33
2025-11-12,32.83433481269516,130.02409751074833,15.52
2025-11-13,32.83433481269516,130.02409751074833,15.97
2025-11-14,32.83433481269516,130.02409751074833,15.07
2025-11-15,32.83433481269516,130.02409751074833,14.89
2025-11-16,32.83433481269516,130.02409751074833,15.01
2025-11-17,32.83433481269516,130.02409751074833,15.61
2025-11-18,32.83433481269516,130.02409751074833,10.99
2025-11-19,32.83433481269516,130.02409751074833,10.55
2025-11-20,32.83433481269516,130.02409751074833,12.2
2025-11-21,32.83433481269516,130.02409751074833,12.99
2025-11-22,32.83433481269516,130.02409751074833,11.86
2025-11-23,32.83433481269516,130.02409751074833,12.38
2025-11-24,32.83433481269516,130.02409751074833,14.56
2025-11-25,32.83433481269516,130.02409751074833,13.83
2025-11-26,32.83433481269516,130.02409751074833,11.77
2025-11-27,32.83433481269516,130.02409751074833,13.92
2025-11-28,32.83433481269516,130.02409751074833,11.55
2025-11-29,32.83433481269516,130.02409751074833,10.1
2025-11-30,32.83433481269516,130.02409751074833,14.15
2025-12-01,32.83433481269516,130.02409751074833,15.66
2025-12-02,32.83433481269516,130.02409751074833,13.54
2025-12-03,32.83433481269516,130.02409751074833,8.77
2025-12-04,32.83433481269516,130.02409751074833,6.72
2025-12-05,32.83433481269516,130.02409751074833,7.67
2025-12-06,32.83433481269516,130.02409751074833,7.62
2025-12-07,32.83433481269516,130.02409751074833,11.87
2025-12-08,32.83433481269516,130.02409751074833,12.45
2025-12-09,32.83433481269516,130.02409751074833,9.05
2025-12-10,32.83433481269516,130.02409751074833,9.43
2025-12-11,32.83433481269516,130.02409751074833,12.32
2025-12-12,32.83433481269516,130.02409751074833,10.59
2025-12-13,32.83433481269516,130.02409751074833,9.24
2025-12-14,32.83433481269516,130.02409751074833,9.87
2025-12-15,32.83433481269516,130.02409751074833,8.43
2025-12-16,32.83433481269516,130.02409751074833,8.92
2025-12-17,32.83433481269516,130.02409751074833,11.35
2025-12-18,32.83433481269516,130.02409751074833,9.5
2025-12-19,32.83433481269516,130.02409751074833,12.7
2025-12-20,32.83433481269516,130.02409751074833,16.2
2025-12-21,32.83433481269516,130.02409751074833,12.75
2025-12-22,32.83433481269516,130.02409751074833,9.91
2025-12-23,32.83433481269516,130.02409751074833,11.44
2025-12-24,32.83433481269516,130.02409751074833,14.61
2025-12-25,32.83433481269516,130.02409751074833,10.08
2025-12-26,32.83433481269516,130.02409751074833,3.05
2025-12-27,32.83433481269516,130.02409751074833,3.36
2025-12-28,32.83433481269516,130.02409751074833,6.26
2025-12-29,32.83433481269516,130.02409751074833,10.31
2025-12-30,32.83433481269516,130.02409751074833,10.91
2025-12-31,32.83433481269516,130.02409751074833,7.82
2026-01-01,32.83433481269516,130.02409751074833,4.75
2026-01-02,32.83433481269516,130.02409751074833,3.06
2026-01-03,32.83433481269516,130.02409751074833,5.98
2026-01-04,32.83433481269516,130.02409751074833,8.29
2026-01-05,32.83433481269516,130.02409751074833,8.36
2026-01-06,32.83433481269516,130.02409751074833,5.98
2026-01-07,32.83433481269516,130.02409751074833,7.67
2026-01-08,32.83433481269516,130.02409751074833,5.37
2026-01-09,32.83433481269516,130.02409751074833,4.47
2026-01-10,32.83433481269516,130.02409751074833,11.44
2026-01-11,32.83433481269516,130.02409751074833,3.89
2026-01-12,32.83433481269516,130.02409751074833,4.68
2026-01-13,32.83433481269516,130.02409751074833,10.55
2026-01-14,32.83433481269516,130.02409751074833,6.73
2026-01-15,32.83433481269516,130.02409751074833,11.58
2026-01-16,32.83433481269516,130.02409751074833,11.39
2026-01-17,32.83433481269516,130.02409751074833,9.98
2026-01-18,32.83433481269516,130.02409751074833,9.94
2026-01-19,32.83433481269516,130.02409751074833,10.63
2026-01-20,32.83433481269516,130.02409751074833,8.28
2026-01-21,32.83433481269516,130.02409751074833,4.62
2026-01-22,32.83433481269516,130.02409751074833,2.26
2026-01-23,32.83433481269516,130.02409751074833,4.2
2026-01-24,32.83433481269516,130.02409751074833,5.76
2026-01-25,32.83433481269516,130.02409751074833,4.48
2026-01-26,32.83433481269516,130.02409751074833,4.38
2026-01-27,32.83433481269516,130.02409751074833,6.44
2026-01-28,32.83433481269516,130.02409751074833,4.65
2026-01-29,32.83433481269516,130.02409751074833,4.6
2026-01-30,32.83433481269516,130.02409751074833,5.34
2026-01-31,32.83433481269516,130.02409751074833,5.6
2026-02-01,32.83433481269516,130.02409751074833,6.08
2026-02-02,32.83433481269516,130.02409751074833,5.51
2026-02-03,32.83433481269516,130.02409751074833,5.08
2026-02-04,32.83433481269516,130.02409751074833,7.66
2026-02-05,32.83433481269516,130.02409751074833,9.98
2026-02-06,32.83433481269516,130.02409751074833,10.2
2026-02-07,32.83433481269516,130.02409751074833,6.01
2026-02-08,32.83433481269516,130.02409751074833,0.24
2026-02-09,32.83433481269516,130.02409751074833,3.23
2026-02-10,32.83433481269516,130.02409751074833,7.26
2026-02-11,32.83433481269516,130.02409751074833,9.05
2026-02-12,32.83433481269516,130.02409751074833,8.06
2026-02-13,32.83433481269516,130.02409751074833,8.16
2026-02-14,32.83433481269516,130.02409751074833,9.47
2026-02-15,32.83433481269516,130.02409751074833,13.13
2026-02-16,32.83433481269516,130.02409751074833,9.81
2026-02-17,32.83433481269516,130.02409751074833,9.71
2026-02-18,32.83433481269516,130.02409751074833,8.72
2026-02-19,32.83433481269516,130.02409751074833,8.71
2026-02-20,32.83433481269516,130.02409751074833,10.46
2026-02-21,32.83433481269516,130.02409751074833,11.2
2026-02-22,32.83433481269516,130.02409751074833,15.67
2026-02-23,32.83433481269516,130.02409751074833,11.33
2026-02-24,32.83433481269516,130.02409751074833,10.22
2026-02-25,32.83433481269516,130.02409751074833,13.06
2026-02-26,32.83433481269516,130.02409751074833,14.03
2026-02-27,32.83433481269516,130.02409751074833,13.16
2026-02-28,32.83433481269516,130.02409751074833,12.81
2026-03-01,32.83433481269516,130.02409751074833,12.32
2026-03-02,32.83433481269516,130.02409751074833,12.28
2026-03-03,32.83433481269516,130.02409751074833,12.32
2026-03-04,32.83433481269516,130.02409751074833,11.29
2026-03-05,32.83433481269516,130.02409751074833,11.24
2026-03-06,32.83433481269516,130.02409751074833,11.3
2026-03-07,32.83433481269516,130.02409751074833,7.53
2026-03-08,32.83433481269516,130.02409751074833,7.21
2026-03-09,32.83433481269516,130.02409751074833,8.43
2026-03-10,32.83433481269516,130.02409751074833,8.36
2026-03-11,32.83433481269516,130.02409751074833,8.48
2026-03-12,32.83433481269516,130.02409751074833,9.9
2026-03-13,32.83433481269516,130.02409751074833,8.58
2026-03-14,32.83433481269516,130.02409751074833,9.97
2026-03-15,32.83433481269516,130.02409751074833,10.53
2026-03-16,32.83433481269516,130.02409751074833,11.5
2026-03-17,32.83433481269516,130.02409751074833,12.06
2026-03-18,32.83433481269516,130.02409751074833,13.24
2026-03-19,32.83433481269516,130.02409751074833,13.24
2026-03-20,32.83433481269516,130.02409751074833,11.74
2026-03-21,32.83433481269516,130.02409751074833,12.69
2026-03-22,32.83433481269516,130.02409751074833,13.14
2026-03-23,32.83433481269516,130.02409751074833,14.93
2026-03-24,32.83433481269516,130.02409751074833,14.81
2026-03-25,32.83433481269516,130.02409751074833,13.24
2026-03-26,32.83433481269516,130.02409751074833,14.57
2026-03-27,32.83433481269516,130.02409751074833,14.35
2026-03-28,32.83433481269516,130.02409751074833,15.07
2026-03-29,32.83433481269516,130.02409751074833,15.18
2026-03-30,32.83433481269516,130.02409751074833,16.72
2026-03-31,32.83433481269516,130.02409751074833,17.24
2026-04-01,32.83433481269516,130.02409751074833,13.2
2026-04-02,32.83433481269516,130.02409751074833,14.36
2026-04-03,32.83433481269516,130.02409751074833,15.83
2026-04-04,32.83433481269516,130.02409751074833,17.24
2026-04-05,32.83433481269516,130.02409751074833,15.73
2026-04-06,32.83433481269516,130.02409751074833,17.45
2026-04-07,32.83433481269516,130.02409751074833,15.06
2026-04-08,32.83433481269516,130.02409751074833,12.58
2026-04-09,32.83433481269516,130.02409751074833,15.98
2026-04-10,32.83433481269516,130.02409751074833,19.07
2026-04-11,32.83433481269516,130.02409751074833,16.82
2026-04-12,32.83433481269516,130.02409751074833,17.62
2026-04-13,32.83433481269516,130.02409751074833,17.52
2026-04-14,32.83433481269516,130.02409751074833,17.66
2026-04-15,32.83433481269516,130.02409751074833,17.44
2026-04-16,32.83433481269516,130.02409751074833,18.65
2026-04-17,32.83433481269516,130.02409751074833,18.53
2026-04-18,32.83433481269516,130.02409751074833,18.65
2026-04-19,32.83433481269516,130.02409751074833,18.21
2026-04-20,32.83433481269516,130.02409751074833,18.9
2026-04-21,32.83433481269516,130.02409751074833,18.7
2026-04-22,32.83433481269516,130.02409751074833,16.52
2026-04-23,32.83433481269516,130.02409751074833,16.17
2026-04-24,32.83433481269516,130.02409751074833,17.78
2026-04-25,32.83433481269516,130.02409751074833,18.32
2026-04-26,32.83433481269516,130.02409751074833,16.51
2026-04-27,32.83433481269516,130.02409751074833,18.15
2026-04-28,32.83433481269516,130.02409751074833,18.66
2026-04-29,32.83433481269516,130.02409751074833,16.76
2026-04-30,32.83433481269516,130.02409751074833,15.3
2026-05-01,32.83433481269516,130.02409751074833,17.32
2026-05-02,32.83433481269516,130.02409751074833,18.29
2026-05-03,32.83433481269516,130.02409751074833,18.45
2026-05-04,32.83433481269516,130.02409751074833,16.79
2026-05-05,32.83433481269516,130.02409751074833,16.71
2026-05-06,32.83433481269516,130.02409751074833,18.49
2026-05-07,32.83433481269516,130.02409751074833,20.56
2026-05-08,32.83433481269516,130.02409751074833,19.21
2026-05-09,32.83433481269516,130.02409751074833,17.9
2026-05-10,32.83433481269516,130.02409751074833,18.09
2026-05-11,32.83433481269516,130.02409751074833,19.56
2026-05-12,32.83433481269516,130.02409751074833,19.54
2026-05-13,32.83433481269516,130.02409751074833,19.66
2026-05-14,32.83433481269516,130.02409751074833,21.4
2026-05-15,32.83433481269516,130.02409751074833,22.21
2026-05-16,32.83433481269516,130.02409751074833,22.3
2026-05-17,32.83433481269516,130.02409751074833,22.62
2026-05-18,32.83433481269516,130.02409751074833,22.84
2026-05-19,32.83433481269516,130.02409751074833,23.31
2026-05-20,32.83433481269516,130.02409751074833,25.79
2026-05-21,32.83433481269516,130.02409751074833,22.77
2026-05-22,32.83433481269516,130.02409751074833,21.79
2026-05-23,32.83433481269516,130.02409751074833,22.75
2026-05-24,32.83433481269516,130.02409751074833,24.32
2026-05-25,32.83433481269516,130.02409751074833,25.7
2026-05-26,32.83433481269516,130.02409751074833,25.84
2026-05-27,32.83433481269516,130.02409751074833,23.5
2026-05-28,32.83433481269516,130.02409751074833,23.64
2026-05-29,32.83433481269516,130.02409751074833,23.84
2026-05-30,32.83433481269516,130.02409751074833,23.62
2026-05-31,32.83433481269516,130.02409751074833,24.88
2026-06-01,32.83433481269516,130.02409751074833,23.67
2026-06-02,32.83433481269516,130.02409751074833,24.08
2026-06-03,32.83433481269516,130.02409751074833,23.86
2026-06-04,32.83433481269516,130.02409751074833,22.2
2026-06-05,32.83433481269516,130.02409751074833,22.84
2026-06-06,32.83433481269516,130.02409751074833,23.78
2026-06-07,32.83433481269516,130.02409751074833,25.04
2026-06-08,32.83433481269516,130.02409751074833,22.31
2026-06-09,32.83433481269516,130.02409751074833,20.14
2026-06-10,32.83433481269516,130.02409751074833,22.19
2026-06-11,32.83433481269516,130.02409751074833,22.35
2026-06-12,32.83433481269516,130.02409751074833,22.59
2026-06-13,32.83433481269516,130.02409751074833,23.26
2026-06-14,32.83433481269516,130.02409751074833,23.1
2026-06-15,32.83433481269516,130.02409751074833,24.51
2026-06-16,32.83433481269516,130.02409751074833,25.82
2026-06-17,32.83433481269516,130.02409751074833,24.75
2026-06-18,32.83433481269516,130.02409751074833,25.05
2026-06-19,32.83433481269516,130.02409751074833,25.48
2026-06-20,32.83433481269516,130.02409751074833,26.06
2026-06-21,32.83433481269516,130.02409751074833,24.8
2026-06-22,32.83433481269516,130.02409751074833,22.82
2026-06-23,32.83433481269516,130.02409751074833,21.03
2026-06-24,32.83433481269516,130.02409751074833,23.32
2026-06-25,32.83433481269516,130.02409751074833,24.99
2026-06-26,32.83433481269516,130.02409751074833,22.01
2026-06-27,32.83433481269516,130.02409751074833,23.73
2026-06-28,32.83433481269516,130.02409751074833,23.78
2026-06-29,32.83433481269516,130.02409751074833,24.44
2026-06-30,32.83433481269516,130.02409751074833,23.84
2026-07-01,32.83433481269516,130.02409751074833,25.72
2026-07-02,32.83433481269516,130.02409751074833,25.22
2026-07-03,32.83433481269516,130.02409751074833,24.06
2026-07-04,32.83433481269516,130.02409751074833,26.09
2026-07-05,32.83433481269516,130.02409751074833,25.98
2026-07-06,32.83433481269516,130.02409751074833,26.5
2026-07-07,32.83433481269516,130.02409751074833,27.69
2026-07-08,32.83433481269516,130.02409751074833,28.61
2026-07-09,32.83433481269516,130.02409751074833,28.87
2026-07-10,32.83433481269516,130.02409751074833,29.77
2026-07-11,32.83433481269516,130.02409751074833,30.82
2026-07-12,32.83433481269516,130.02409751074833,30.69
2026-07-13,32.83433481269516,130.02409751074833,29.79
2026-07-14,32.83433481269516,130.02409751074833,29.4
2026-07-15,32.83433481269516,130.02409751074833,28.83
2026-07-16,32.83433481269516,130.02409751074833,28.52
2026-07-17,32.83433481269516,130.02409751074833,28.89
2026-07-18,32.83433481269516,130.02409751074833,29.62
2026-07-19,32.83433481269516,130.02409751074833,29.79
2026-07-20,32.83433481269516,130.02409751074833,30.17
2026-07-21,32.83433481269516,130.02409751074833,30.07
2026-07-22,32.83433481269516,130.02409751074833,30.31
2026-07-23,32.83433481269516,130.02409751074833,29.99
2026-07-24,32.83433481269516,130.02409751074833,30.23
2026-07-25,32.83433481269516,130.02409751074833,30.62
2026-07-26,32.83433481269516,130.02409751074833,30.76
2026-07-27,32.83433481269516,130.02409751074833,31.36
2026-07-28,32.83433481269516,130.02409751074833,30.26
2026-07-29,32.83433481269516,130.02409751074833,29.91
2026-07-30,32.83433481269516,130.02409751074833,29.85
2026-07-31,32.83433481269516,130.02409751074833,29.54
2026-08-01,32.83433481269516,130.02409751074833,29.86
2026-08-02,32.83433481269516,130.02409751074833,30.42
2026-08-03,32.83433481269516,130.02409751074833,31.33
2026-08-04,32.83433481269516,130.02409751074833,31.98
2026-08-05,32.83433481269516,130.02409751074833,30.61
2026-08-06,32.83433481269516,130.02409751074833,30.29
2026-08-07,32.83433481269516,130.02409751074833,30.17
2026-08-08,32.83433481269516,130.02409751074833,30.18
2026-08-09,32.83433481269516,130.02409751074833,30.07
2026-08-10,32.83433481269516,130.02409751074833,29.5
2026-08-11,32.83433481269516,130.02409751074833,29.4
2026-08-12,32.83433481269516,130.02409751074833,29.21
2026-08-13,32.83433481269516,130.02409751074833,29.1
2026-08-14,32.83433481269516,130.02409751074833,28.91
2026-08-15,32.83433481269516,130.02409751074833,28.81
2026-08-16,32.83433481269516,130.02409751074833,28.7
2026-08-17,32.83433481269516,130.02409751074833,28.6
2026-08-18,32.83433481269516,130.02409751074833,28.5
2026-08-19,32.83433481269516,130.02409751074833,28.3
2026-08-20,32.83433481269516,130.02409751074833,28.1
2026-08-21,32.83433481269516,130.02409751074833,28.1
2026-08-22,32.83433481269516,130.02409751074833,27.9
2026-08-23,32.83433481269516,130.02409751074833,27.8
2026-08-24,32.83433481269516,130.02409751074833,27.7
2026-08-25,32.83433481269516,130.02409751074833,27.6
2026-08-26,32.83433481269516,130.02409751074833,27.5
2026-08-27,32.83433481269516,130.02409751074833,27.4
2026-08-28,32.83433481269516,130.02409751074833,27.3
2026-08-29,32.83433481269516,130.02409751074833,27.2
2026-08-30,32.83433481269516,130.02409751074833,27.1
2026-08-31,32.83433481269516,130.02409751074833,27
2026-09-01,32.83433481269516,130.02409751074833,26.9
2026-09-02,32.83433481269516,130.02409751074833,26.7
2026-09-03,32.83433481269516,130.02409751074833,26.6
2026-09-04,32.83433481269516,130.02409751074833,26.5
2026-09-05,32.83433481269516,130.02409751074833,26.4
2026-09-06,32.83433481269516,130.02409751074833,26.3
2026-09-07,32.83433481269516,130.02409751074833,26.2
2026-09-08,32.83433481269516,130.02409751074833,26
2026-09-09,32.83433481269516,130.02409751074833,25.9
2026-09-10,32.83433481269516,130.02409751074833,25.8
2026-09-11,32.83433481269516,130.02409751074833,25.6
2026-09-12,32.83433481269516,130.02409751074833,25.5
2026-09-13,32.83433481269516,130.02409751074833,25.4
2026-09-14,32.83433481269516,130.02409751074833,25.2
2026-09-15,32.83433481269516,130.02409751074833,25.1
2026-09-16,32.83433481269516,130.02409751074833,24.9
2026-09-17,32.83433481269516,130.02409751074833,24.7
2026-09-18,32.83433481269516,130.02409751074833,24.6
2026-09-19,32.83433481269516,130.02409751074833,24.3
2026-09-20,32.83433481269516,130.02409751074833,24.2
2026-09-21,32.83433481269516,130.02409751074833,24
2026-09-22,32.83433481269516,130.02409751074833,23.8
2026-09-23,32.83433481269516,130.02409751074833,23.7
2026-09-24,32.83433481269516,130.02409751074833,23.5
2026-09-25,32.83433481269516,130.02409751074833,23.3
2026-09-26,32.83433481269516,130.02409751074833,23.2
2026-09-27,32.83433481269516,130.02409751074833,23
2026-09-28,32.83433481269516,130.02409751074833,22.9
2026-09-29,32.83433481269516,130.02409751074833,22.7
2026-09-30,32.83433481269516,130.02409751074833,22.5
2026-10-01,32.83433481269516,130.02409751074833,22.4
2026-10-02,32.83433481269516,130.02409751074833,22.2
2026-10-03,32.83433481269516,130.02409751074833,22.1
2026-10-04,32.83433481269516,130.02409751074833,21.9
2026-10-05,32.83433481269516,130.02409751074833,21.8
2026-10-06,32.83433481269516,130.02409751074833,21.6
2026-10-07,32.83433481269516,130.02409751074833,21.4
2026-10-08,32.83433481269516,130.02409751074833,21.3
2026-10-09,32.83433481269516,130.02409751074833,21.1
2026-10-10,32.83433481269516,130.02409751074833,20.9
2026-10-11,32.83433481269516,130.02409751074833,20.8
2026-10-12,32.83433481269516,130.02409751074833,20.5
2026-10-13,32.83433481269516,130.02409751074833,20.4
2026-10-14,32.83433481269516,130.02409751074833,20.2
2026-10-15,32.83433481269516,130.02409751074833,20
2026-10-16,32.83433481269516,130.02409751074833,19.8
2026-10-17,32.83433481269516,130.02409751074833,19.6
2026-10-18,32.83433481269516,130.02409751074833,19.4
2026-10-19,32.83433481269516,130.02409751074833,19.2
2026-10-20,32.83433481269516,130.02409751074833,19
2026-10-21,32.83433481269516,130.02409751074833,18.8
2026-10-22,32.83433481269516,130.02409751074833,18.6
2026-10-23,32.83433481269516,130.02409751074833,18.4
2026-10-24,32.83433481269516,130.02409751074833,18.2
2026-10-25,32.83433481269516,130.02409751074833,18
2026-10-26,32.83433481269516,130.02409751074833,17.8
2026-10-27,32.83433481269516,130.02409751074833,17.6
2026-10-28,32.83433481269516,130.02409751074833,17.4
2026-10-29,32.83433481269516,130.02409751074833,17.2
2026-10-30,32.83433481269516,130.02409751074833,17
2026-10-31,32.83433481269516,130.02409751074833,16.8
2026-11-01,32.83433481269516,130.02409751074833,16.7
2026-11-02,32.83433481269516,130.02409751074833,16.5
2026-11-03,32.83433481269516,130.02409751074833,16.4
2026-11-04,32.83433481269516,130.02409751074833,16.3
2026-11-05,32.83433481269516,130.02409751074833,16.2
2026-11-06,32.83433481269516,130.02409751074833,16.1
2026-11-07,32.83433481269516,130.02409751074833,16
2026-11-08,32.83433481269516,130.02409751074833,15.8
2026-11-09,32.83433481269516,130.02409751074833,15.7
2026-11-10,32.83433481269516,130.02409751074833,15.5
2026-11-11,32.83433481269516,130.02409751074833,15.3
2026-11-12,32.83433481269516,130.02409751074833,15.1
2026-11-13,32.83433481269516,130.02409751074833,14.8
2026-11-14,32.83433481269516,130.02409751074833,14.6
2026-11-15,32.83433481269516,130.02409751074833,14.3
2026-11-16,32.83433481269516,130.02409751074833,14.1
2026-11-17,32.83433481269516,130.02409751074833,13.8
2026-11-18,32.83433481269516,130.02409751074833,13.5
2026-11-19,32.83433481269516,130.02409751074833,13.3
2026-11-20,32.83433481269516,130.02409751074833,13.1
2026-11-21,32.83433481269516,130.02409751074833,13
2026-11-22,32.83433481269516,130.02409751074833,12.8
2026-11-23,32.83433481269516,130.02409751074833,12.6
2026-11-24,32.83433481269516,130.02409751074833,12.4
2026-11-25,32.83433481269516,130.02409751074833,12.3
2026-11-26,32.83433481269516,130.02409751074833,12.2
2026-11-27,32.83433481269516,130.02409751074833,12
2026-11-28,32.83433481269516,130.02409751074833,11.9
2026-11-29,32.83433481269516,130.02409751074833,11.7
2026-11-30,32.83433481269516,130.02409751074833,11.5
2026-12-01,32.83433481269516,130.02409751074833,11.3
2026-12-02,32.83433481269516,130.02409751074833,11.1
2026-12-03,32.83433481269516,130.02409751074833,10.9
2026-12-04,32.83433481269516,130.02409751074833,10.6
2026-12-05,32.83433481269516,130.02409751074833,10.4
2026-12-06,32.83433481269516,130.02409751074833,10.2
2026-12-07,32.83433481269516,130.02409751074833,10
2026-12-08,32.83433481269516,130.02409751074833,9.8
2026-12-09,32.83433481269516,130.02409751074833,9.6
2026-12-10,32.83433481269516,130.02409751074833,9.4
2026-12-11,32.83433481269516,130.02409751074833,9.3
2026-12-12,32.83433481269516,130.02409751074833,9.1
2026-12-13,32.83433481269516,130.02409751074833,9
2026-12-14,32.83433481269516,130.02409751074833,8.9
2026-12-15,32.83433481269516,130.02409751074833,8.8
2026-12-16,32.83433481269516,130.02409751074833,8.7
2026-12-17,32.83433481269516,130.02409751074833,8.6
2026-12-18,32.83433481269516,130.02409751074833,8.5
2026-12-19,32.83433481269516,130.02409751074833,8.5
2026-12-20,32.83433481269516,130.02409751074833,8.4
2026-12-21,32.83433481269516,130.02409751074833,8.3
2026-12-22,32.83433481269516,130.02409751074833,8.2
2026-12-23,32.83433481269516,130.02409751074833,8.2
2026-12-24,32.83433481269516,130.02409751074833,8.1
2026-12-25,32.83433481269516,130.02409751074833,8
2026-12-26,32.83433481269516,130.02409751074833,7.9
2026-12-27,32.83433481269516,130.02409751074833,7.8
2026-12-28,32.83433481269516,130.02409751074833,7.7
2026-12-29,32.83433481269516,130.02409751074833,7.6
2026-12-30,32.83433481269516,130.02409751074833,7.5
2026-12-31,32.83433481269516,130.02409751074833,7.4
